RelativePath	Length	SHA256
_syntax_test.log	11456	64E4FD79FD13D3957AF4D0E48373CF8A12FD82CAABCF9258823C6F41FE036D09
AlternateUI.ClothingPanel.hotfix.sourcecheck.dll.disabled	16384	C17B6F46A19FA731D4CC2AD5EF57CEC01EBD9FF35F58C3206FC7CE0AAE45494A
AlternateUI.ClothingPanel.sourcecheck.dll.disabled	16384	10E8A5D08A2A6BFA6DAF2CF3B730777E250C3E540FFCFD82B8F734C3E0C96549
AlternateUI.ClothingPanel.v6.sourcecheck.dll.disabled	17408	CE7526AAF17F137F39190397CA23D7C0409EC2AC1C10D7F83B7EA8FEFE58122F
AppearancePresetFilterRuntimeTests.exe	8704	6B01F9102337BAAD72701F0D7B645E37E2E4E46837A7A12F19E8EF3CBE12D845
AssemblyLoadTests.exe	5120	FD4304323EE652D42B18C26D7F9124CC4AEAC65ADD0AE3D9820D7A6CADDB41AB
aui_work_v2_3\Custom\Scripts\AlternateUI\AlternateUI.cslist	1613	8C24F08F2201E05BB31F0021FDBA51376F56B3A0FEA544EC7CF66A5C97537C0A
aui_work_v2_3\Custom\Scripts\AlternateUI\doc\aui.png	3844	4D7DFCFFC7DDA4D3DC5E92F258B31B7CC8729FA04D9956F676A99F9E73A861C4
aui_work_v2_3\Custom\Scripts\AlternateUI\doc\morphs-ui-categories.png	125867	E80C1A6992EA42897504240C668D4F51929889FB203748BC42DB54BF79051313
aui_work_v2_3\Custom\Scripts\AlternateUI\doc\morphs-ui.png	243853	54DC3EDAF6E57881D72E4B14D4CD19CED0DCDF3C9AEA8C35003A83A5E72C1A1F
aui_work_v2_3\Custom\Scripts\AlternateUI\doc\plugin-ui.png	121542	FC1AEBBD39A277B7F45C1D61DF2771ECEAB5105B7AFAB3349540AA79A4DF5A42
aui_work_v2_3\Custom\Scripts\AlternateUI\doc\session-plugin-presets.png	206891	B88E75770DC54F7DE22383A949C00729E2E0C0E2611749AF1DA37DEC50285F24
aui_work_v2_3\Custom\Scripts\AlternateUI\doc\session-plugins.png	112877	771D92B6A774350B424E10C6296AB05FC87C19054514F7F540735C295D6C57A1
aui_work_v2_3\Custom\Scripts\AlternateUI\project\AlternateUI.csproj	8056	E32A207E64E074C797DCB17A02FEC33DECE8E816C7579D190A5F00F740B5EE89
aui_work_v2_3\Custom\Scripts\AlternateUI\project\AlternateUI.csproj.user	231	1D7ACD80F7A4B45795D42D8B5CC428C4155C948B3AC58A352950F3BC76FA7832
aui_work_v2_3\Custom\Scripts\AlternateUI\project\AlternateUI.sln	1126	9361C08CCB8D720620D942A38E179E9B162C09ED6B8588634281BF708ABE27FD
aui_work_v2_3\Custom\Scripts\AlternateUI\project\list.bat	448	4B7C8577668701E15638419BB2F818C363FFA4A77516D1422A8C9A615FFF6391
aui_work_v2_3\Custom\Scripts\AlternateUI\project\src\Common\AtomUIModifier.cs	3694	F30CF9FD6C37013B1A036B2140013DF95735B4477C34C1F0218F68E6EE0A6816
aui_work_v2_3\Custom\Scripts\AlternateUI\project\src\Common\Common.cs	4957	3B8D6A5E217E38641ABF1D3437BEF066E42632726F69FCFF469FAEF469076E95
aui_work_v2_3\Custom\Scripts\AlternateUI\project\src\Common\MRU\MRUAtomInfo.cs	6302	4CFFA6BCF1FD1137BCA0B4C737E25A1EC5A1EB51220B01EA80F5117EAB27A834
aui_work_v2_3\Custom\Scripts\AlternateUI\project\src\Common\MRU\MRUAtomUIModifier.cs	396	2256D0FB2291CFBA6B5A3B17B0544834B1F62A74FFE4011960E3A8E093B4FD8A
aui_work_v2_3\Custom\Scripts\AlternateUI\project\src\Features\ClothingUI\ClothingPanel.cs	7692	4F9E41C8090B17E47CB8453D9465D20083C3BC251A8367A530CA0041E015AAF3
aui_work_v2_3\Custom\Scripts\AlternateUI\project\src\Features\ClothingUI\ClothingUI.cs	16171	C799825DFFEBD6FAC5081FEEAED3C1AB06702E16F0FF19536E7AFB0D3C31E44B
aui_work_v2_3\Custom\Scripts\AlternateUI\project\src\Features\ClothingUI\Controls.cs	21149	6770D400BE4DBF328E8C1C9DF3C8DBEE017B22A9B9A484D1D7C1DFCEDBCE10C5
aui_work_v2_3\Custom\Scripts\AlternateUI\project\src\Features\CuaUI.cs	4159	F107D2A536A49187CD7E3B50CFF8D5B2FFFBB87818C430BFC0909AAAA1DC0EE1
aui_work_v2_3\Custom\Scripts\AlternateUI\project\src\Features\Feature.cs	2992	54990A0460ABFE4AFE8DF895F055C6E545D98DF4E7A4138964207BCE4479216B
aui_work_v2_3\Custom\Scripts\AlternateUI\project\src\Features\LightUI.cs	2766	05EB1ECCA584C095E8DA808FA0CF3F8D7A9313B61EA9D0ABA29744EDAF6797E8
aui_work_v2_3\Custom\Scripts\AlternateUI\project\src\Features\LogUI.cs	5747	0785E7E847CD5DA5F88D095C9DE4F56DFAA920658388F7EE61383892F58A9BE5
aui_work_v2_3\Custom\Scripts\AlternateUI\project\src\Features\MorphUI\Categories.cs	5924	162D7878DD3F3832F34CD28CC7DAF3C6958DF4F015BDD449C164C082EB60255D
aui_work_v2_3\Custom\Scripts\AlternateUI\project\src\Features\MorphUI\Controls.cs	5903	A3CB9847D51991209AD754AE18920CA757F140CBB596CD0DB03211D0346DA41A
aui_work_v2_3\Custom\Scripts\AlternateUI\project\src\Features\MorphUI\Filter.cs	9744	1DD84CDC7C6BA2D523B40ADC9FB405FCDF549C3DD17BD5F3C514824776CB7DB2
aui_work_v2_3\Custom\Scripts\AlternateUI\project\src\Features\MorphUI\MorphPanel.cs	4232	38AE73160070070C65C70B71FB56D2FEDE2A64B0C4778B26321846AEE7E2BC47
aui_work_v2_3\Custom\Scripts\AlternateUI\project\src\Features\MorphUI\MorphUI.cs	8560	6F5908686B4E3BBD343A293FF94DD252258B997A41F4737DF15CECFC332FBDBA
aui_work_v2_3\Custom\Scripts\AlternateUI\project\src\Features\PluginsUI.cs	7350	B7D987ECD90FA6B50DAAA34EF3E36A7B2FC8D78E4BAF65EC6EA01C468902815F
aui_work_v2_3\Custom\Scripts\AlternateUI\project\src\Features\SelectUI.cs	3512	269D298156089874018CE871E1A08E2C334EC0E8DE6195DFF1B4D880B993BDFD
aui_work_v2_3\Custom\Scripts\AlternateUI\project\src\Features\SkinUI.cs	13022	F331DE39C90C99B093D33ABEF2F325160F21CF0313C218DB7E795F03851377EA
aui_work_v2_3\Custom\Scripts\AlternateUI\project\src\Features\Tweaks.cs	13049	7799005CDE9C4B084A867E84B9C9C1181E78F3B66AE9322E1369000D54C91F6F
aui_work_v2_3\Custom\Scripts\AlternateUI\project\src\Main.cs	7290	4B4EE0190D07DE0B33FF6A55D7CE158B0682533A0B9D38027082BB9CF44BEB35
aui_work_v2_3\Custom\Scripts\AlternateUI\project\src\Utilities.cs	9251	A5D15D18FCD2B1D72E9067F54A4B6991A0D2515F9A34202BE7929723F6AB7AAF
aui_work_v2_3\Custom\Scripts\AlternateUI\project\src\Version.cs	223	BFB2DF2DBA95A1936E029BDF106DA92E800B567861E977F25FCEBC2D1DAB1ECB
aui_work_v2_3\Custom\Scripts\AlternateUI\project\src\VUI\BorderLayout.cs	7716	6CCF53FD0E6009BC755E48C3B26CBF51A36CC6E16669FBED8D6E44D4C032C7D7
aui_work_v2_3\Custom\Scripts\AlternateUI\project\src\VUI\Button.cs	5639	5B79F59E09E814B59F00CC712D5985CCBA169A8D352921A5073A3CF787ABCE38
aui_work_v2_3\Custom\Scripts\AlternateUI\project\src\VUI\CheckBox.cs	2677	3A1D94ED2392D18D323EE53309C74EF4915250009687B8EC830B88EC0A4A5462
aui_work_v2_3\Custom\Scripts\AlternateUI\project\src\VUI\ColorPicker.cs	3695	18A0610F019D31A4CF33BD30E024A0E599831C412D06DFBD343809F0B17CA8E7
aui_work_v2_3\Custom\Scripts\AlternateUI\project\src\VUI\ComboBox.cs	11131	79A6113DC2F4164AB24BA532A50B9F68F566A53685B6C4637BE02C8D6F4ED76A
aui_work_v2_3\Custom\Scripts\AlternateUI\project\src\VUI\Dialog.cs	6426	CF1FF127E2BF59EEE7F3A427C5901195F1CDB8E7A1ABBE90A5FEC51F5BE6539A
aui_work_v2_3\Custom\Scripts\AlternateUI\project\src\VUI\Events.cs	7293	111FBDF259511A0350B9A10D4646B52AFA913A091D1B119F67B638A9E44552B3
aui_work_v2_3\Custom\Scripts\AlternateUI\project\src\VUI\Glue.cs	2316	66A4B8683647BF68EDD6AB668E4FC783542B0C89519A28AD5631E03F66C7D858
aui_work_v2_3\Custom\Scripts\AlternateUI\project\src\VUI\GridLayout.cs	11174	E981A44C1B7A042718B83086D46A126070E7D62D177103C76D43DA12CCA5FC61
aui_work_v2_3\Custom\Scripts\AlternateUI\project\src\VUI\Image.cs	1514	37B96C1B6A359C53B0BA25E3DC8FB70D57B7A4667BA92D6B97AB5A9207AAB64A
aui_work_v2_3\Custom\Scripts\AlternateUI\project\src\VUI\Label.cs	8534	D715222274BEAA6A27BB46B2CFC835C92266A60E524C68949A52376188DE161D
aui_work_v2_3\Custom\Scripts\AlternateUI\project\src\VUI\Layout.cs	9358	333BE2F8A81471E37FCCFCAE1D4E509087F53D8426095A7CDEE04417CC5D6D1A
aui_work_v2_3\Custom\Scripts\AlternateUI\project\src\VUI\ListView.cs	6558	CA2D6C63F8464310B09F219A3D0D74893FD663F8D482780DC9E6175F8CA1D132
aui_work_v2_3\Custom\Scripts\AlternateUI\project\src\VUI\Misc.cs	1178	3FC3F01DE2353BD16676C9FF03F3946FCFCD1E9413F2D12F86564E1576E8FC35
aui_work_v2_3\Custom\Scripts\AlternateUI\project\src\VUI\Panel.cs	2293	6E52E5CAB7B91F22B816D4C28A9F41B8AC6959307B16ED19FD8DDDE8E2CC7A0F
aui_work_v2_3\Custom\Scripts\AlternateUI\project\src\VUI\Root.cs	15624	BAE500E474B5AEA5CCFD39D000B4A72FDC9F7B89D4DD2D625805C2CE0DAEF8E2
aui_work_v2_3\Custom\Scripts\AlternateUI\project\src\VUI\Slider.cs	13119	6FBF95AFA876E6B6EA5C09327EE09BD4145AB2810F3E883D60D6B9D1526BDA78
aui_work_v2_3\Custom\Scripts\AlternateUI\project\src\VUI\Style.cs	35102	24513DFDF49B6CD4820734F414A898720E6F01AD4274D29EA0200AF706F27EDE
aui_work_v2_3\Custom\Scripts\AlternateUI\project\src\VUI\Support.cs	20808	37CE74EC404C6CFF9547B03D9BDA53932A22B1EF73629EBDAFB26D2B3CE7979B
aui_work_v2_3\Custom\Scripts\AlternateUI\project\src\VUI\Tabs.cs	7275	087E9F7A6AA5580E2C053B647D588EBC3DE0ABF7619435A6C5D5BBF7D43463D5
aui_work_v2_3\Custom\Scripts\AlternateUI\project\src\VUI\TextBox.cs	19047	760C9C399C8271774D78D314A9CAA59E0E0A7C1E4B0E826C7C6E9613B94CA652
aui_work_v2_3\Custom\Scripts\AlternateUI\project\src\VUI\Timer.cs	2259	65E4603CCFC35FAA841FB438070F6B39DA432F8B7DCF79F69C6CCBFD0155C462
aui_work_v2_3\Custom\Scripts\AlternateUI\project\src\VUI\Tooltip.cs	3770	770DE3F9FB4E7EE2EE6D235E0A19A0586599E566CE7F86BFF8B91F2DCEEE9D26
aui_work_v2_3\Custom\Scripts\AlternateUI\project\src\VUI\TreeView.cs	22891	1289F5E582C95FC179A01FB77AC46E37846E961D796D142FE89B013703DB4BCA
aui_work_v2_3\Custom\Scripts\AlternateUI\project\src\VUI\TypedList.cs	7008	AD7FE827028FBAD709E716A572374A5B945852E167B8D9A03743A9A13F3479D0
aui_work_v2_3\Custom\Scripts\AlternateUI\project\src\VUI\Utilities.cs	23364	003DD4661804A34A1859840401D1B17628C867A11E8245D1620C0204146034BE
aui_work_v2_3\Custom\Scripts\AlternateUI\project\src\VUI\Version.cs	223	225166BDD714F48091C6D43A7E2B68344D28C6F74D9662DE0904AC5FEB59365F
aui_work_v2_3\Custom\Scripts\AlternateUI\project\src\VUI\Widget.cs	19417	84AA0F7287F46D245324D0991602E011E792D68D46AF16B6E7DE82DC549F6ED0
aui_work_v2_3\Custom\Scripts\AlternateUI\README.md	3930	6C2289CAF7E8D170CD263F2DC2BAA851B7EFA64C66A3F7327EEC18DE993F525A
aui_work_v2_3\meta.json	667	E0C4000155D4C81A0A83215C2CB7261B47DE307A7FD5CC203B7D032553D0795C
DIFF_FILE.patch	119257	EECAA89DC97BA4DF702976674DBDBCE0A511B8137017B00C5017CAE4C485DCBA
DIFF_FILE.v1.1.0.patch.disabled	16498	BF854810D78D3CD9E014AA80E45E94E9057EBDBB371EFE2E47BCD0850C200B16
DIFF_FILE.v2.0.0.patch.disabled	52746	EF2B4EA67788B3CFBA557397DC99B18C1A45B11D692B56ADA1BD2EA4F25E77B5
DIFF_FILE.v2.1.0.patch.disabled	59645	0F02D3696FFB6C6F762D5C4BEAC7F5E2EA730554EB9876C18770C16C1BC2A69E
DIFF_FILE.v2.2.0.patch.disabled	68876	2EB32C0C5ECCD8521B83CE1D4D3959D35E13993DF2A82D4758397477F196AA38
DIFF_FILE.v2.3.0.patch.disabled	126482	BFC7B3020102A049A1937F33275A7C6D18D3CC85BBD423FA2CC77E19DEA933D7
DIFF_FILE.v2.5.0.patch.disabled	156864	59D092BDE2096B105B5C5087ACD08898EC45F362E01F0EEB68C391DF856597C9
DIFF_FILE.v2.6.0.patch.disabled	116268	8E177F9BC4B874FF207971CEC28BB5E5C845CF9BCB12C7BC96E8189B13B21026
DIFF_FILE.v2.7.0.patch.disabled	128344	58E4CEB2C9EB867A0FFAEFC76F94E8404418C045DC2505B62CACF5309F8E0032
DIFF_FILE.v2.8.0.patch.disabled	134411	8CD05F0D696A58E89B69E00EF3D8690A6E722C68807067BBC8EADE8D47861942
DIFF_FILE.v2.9.0.patch.disabled	144044	4A778FB9E9D9CFDAB3EA62BAB8EFD0723199BD8FD6CAFB7982E314D6DD6E5A05
DIFF_FILE.v3.0.0.patch.disabled	165671	467A93EE8087FEF72FB273F7BE08E20A9E458756814C69B9E1ABCDB2452E6F49
DIFF_FILE.v3.1.0.patch.disabled	166146	AD11430DC4B14F54BF3574685D23E377DC2FC43136F047796DD5FC8B43E17968
DIFF_FILE.v3.2.0.patch.disabled	166548	2E1D0DF86019EEDE03D9BF15A3333AE5E3963BD6E37B2313ED7817CE99531C77
DIFF_FILE.v3.3.0.patch.disabled	170904	1EF08E969821A1C03495811CF8FEAC8021D04C28CFA90830671D5CA0AE28FAC4
DIFF_FILE.v4.0.0.patch.disabled	114510	EA989E271235E16637B3F58BD443A05E2AD210B17FF08E2DF65DE38D07BEA6BA
hot_update_test_v4_verification\Quest3TriggerUI.payload.dll.disabled	90112	220DBE5E12685B1A69B63315D3E3F0F4EA230AB512647EB547BB5A753DF19EE6
hot_update_test_v4_verification2\Quest3TriggerUI.payload.dll.disabled	90112	5F5596C6EE07C50AE457A3DB7F02E1B665A1DBC96585DA1CE6FE5C3BE5C7AC44
hot_update_test_v4\Quest3TriggerUI.payload.dll.disabled	90112	220DBE5E12685B1A69B63315D3E3F0F4EA230AB512647EB547BB5A753DF19EE6
MODIFIED_FILE.candidate.dll.disabled	53248	98F0A5C3D480F211657921F2271BCA39D1D5EBB58816B0E87E9ABA1578BD95A0
MODIFIED_FILE.candidate.v3.4.1.dll.disabled	81920	04358A0B8815CB9FCE1F842923241C66BFC0EBB3567C0DF2E4CF469B2DBEA9E0
MODIFIED_FILE.candidate.v3.4.dll.disabled	81920	BE7B79B209FA08A3B42AC019BBBED9BBA07EFC9C573562540601D3EA291DD2D7
MODIFIED_FILE.dll.disabled	339968	2653A088C6B0310DDBB42480E808B6C4A371E104104886CB435FB3922D430928
MODIFIED_FILE.v1.0.0.dll.disabled	9728	BE4CF21693256662472573E71CC68E3CD8F1E901788C48BDD6F401427DDE5FDF
MODIFIED_FILE.v1.1.0.dll.disabled	10752	224ECD5175C08587A0084F074A6D677035E80350CBE4A3A07B180A63533DADD1
MODIFIED_FILE.v2.0.0.dll.disabled	40960	F5F017124EFEA8174618CA5685B7B2049BB862A7CD318FF132100C99FA4E0D7E
MODIFIED_FILE.v2.1.0.dll.disabled	45056	72B56AB327CB27651A80E0A778E3986B42381B2097829E8F9959EEC373E2D61A
MODIFIED_FILE.v2.2.0.dll.disabled	49152	BD824B139FFB5BD11511098AE877AE6DAB968B4B33C96485576025A6035D0AF7
MODIFIED_FILE.v2.3.0.dll.disabled	53248	98F0A5C3D480F211657921F2271BCA39D1D5EBB58816B0E87E9ABA1578BD95A0
MODIFIED_FILE.v2.4.0.dll.disabled	57344	E160F7E4275EA26E18675F61711DD1A54E1091616B609D59B76012995AC73424
MODIFIED_FILE.v2.4.candidate.dll.disabled	57344	E160F7E4275EA26E18675F61711DD1A54E1091616B609D59B76012995AC73424
MODIFIED_FILE.v2.5.0.dll.disabled	65536	EFF10664574BA8CEC57CB31A4B69CA5E4C17A35C530E0A7F359B5668B2AC833A
MODIFIED_FILE.v2.5.candidate.dll.disabled	52736	A21F03E1185945F29964095776E6B6837D1C5DA83DB3671FC2F6ADCA91A0248C
MODIFIED_FILE.v2.5.final.candidate.dll.disabled	65536	EFF10664574BA8CEC57CB31A4B69CA5E4C17A35C530E0A7F359B5668B2AC833A
MODIFIED_FILE.v2.5.interim.dll.disabled	65536	023223604B3575D3D77503DFA7AEC43FC3704B0DDD8BEF3D0BD40713B0B4C25F
MODIFIED_FILE.v2.5.net35.candidate.dll.disabled	65536	023223604B3575D3D77503DFA7AEC43FC3704B0DDD8BEF3D0BD40713B0B4C25F
MODIFIED_FILE.v2.5.net40.dll.disabled	52736	A21F03E1185945F29964095776E6B6837D1C5DA83DB3671FC2F6ADCA91A0248C
MODIFIED_FILE.v2.6.0.dll.disabled	69632	F6434CF43EEF5F17959B0A203D461883701CF410ADE34B3102213A2B631B6976
MODIFIED_FILE.v2.6.candidate.dll.disabled	69632	F6434CF43EEF5F17959B0A203D461883701CF410ADE34B3102213A2B631B6976
MODIFIED_FILE.v2.7.0.dll.disabled	73728	E95647C9550C13B8F6B41F2BB23E24552F4463DB6921B6FDFC15B9D7F9D8917A
MODIFIED_FILE.v2.7.candidate.dll.disabled	73728	E95647C9550C13B8F6B41F2BB23E24552F4463DB6921B6FDFC15B9D7F9D8917A
MODIFIED_FILE.v2.8.0.dll.disabled	69632	3956C721F4CEB4D6509DD24C05CB3C7D8D24F369EC0540CD30FB11163818D046
MODIFIED_FILE.v2.8.candidate.dll.disabled	69632	3956C721F4CEB4D6509DD24C05CB3C7D8D24F369EC0540CD30FB11163818D046
MODIFIED_FILE.v2.9.0.dll.disabled	73728	6A76C24C618B0A8614F1B2E2324BFDAAEDDF7EFE3DAFCAA27F98A784C4B70F25
MODIFIED_FILE.v2.9.candidate.dll.disabled	73728	6A76C24C618B0A8614F1B2E2324BFDAAEDDF7EFE3DAFCAA27F98A784C4B70F25
MODIFIED_FILE.v3.0.0.dll.disabled	77824	A6893531639373918245A9DE757FEAF3C21527FAEA64546B28AB41969B52C9D2
MODIFIED_FILE.v3.0.candidate.dll.disabled	77824	A6893531639373918245A9DE757FEAF3C21527FAEA64546B28AB41969B52C9D2
MODIFIED_FILE.v3.1.0.dll.disabled	77824	6E7E39C3F2064490308F9BD37A27BAB435BD9C749E17CF6B5CF237939393DBF0
MODIFIED_FILE.v3.2.0.dll.disabled	77824	240004865031578ECE80328C2373EB5BF9D0109B0294789E86CD5AB4ED1A97ED
MODIFIED_FILE.v3.3.0.dll.disabled	81920	E73590EFAF359DB43A7ED4BB1A1643B6D4D302EF021355A76F489E38EBBD27A2
MODIFIED_FILE.v3.3.0.pre-standby.dll.disabled	81920	E73590EFAF359DB43A7ED4BB1A1643B6D4D302EF021355A76F489E38EBBD27A2
MODIFIED_FILE.v3.4.0.pre-appearance-fix.dll.disabled	81920	BE7B79B209FA08A3B42AC019BBBED9BBA07EFC9C573562540601D3EA291DD2D7
MODIFIED_FILE.v3.5.0.pending.dll.disabled	81920	5FCF305B80E9CDBAE09FE8D98596DA65C70F4AE6D70917271380D285332908D8
MODIFIED_FILE.v4.0.0.candidate.dll.disabled	7168	DEA29D001991CB23C10400A22DCD77E04AD945B296330AB7BB7A871B46B3214F
MODIFIED_FILE.v4.6.1.dll.disabled	339968	B13D0071EC2F35614AAF936E9E6E174A05AEAB64F2AD64CBE878FEE9CACEB60F
MODIFIED_FILE.v4.6.1.dll.new	344064	6E6696C2E3999C9F81A8B9D9106272ABE6693A52019664FDD774C9966DAC6EC1
MODIFIED_FILE.v4.6.1.final.dll.disabled	344064	0527DA31E36BF125C92F3F9C34272F07588505E8646B1ADFD7F508248EBE3FB1
MODIFIED_FILE.v4.6.1.toggle.dll.disabled	344064	6E6696C2E3999C9F81A8B9D9106272ABE6693A52019664FDD774C9966DAC6EC1
MODIFIED_FILE.v4.6.2.dll.disabled	344064	AD44FE0FD0190543FE2BA2FC1B98B0307E7DD18F77211E83A4EBE36D4C05D61B
PENDING_UPDATE_STATUS.txt	62	70FE89689C6A653855FD64E7AE7BF0E102F453A5494FFBEDF16E3B4C5C34E12B
PresetFileOperationTests.exe	6144	DE6FA363DF97B77E244B0B7584B1BF89778803D573A37D0140B618EA4FCEF23A
Quest3TriggerUI.payload.v4.0.0.candidate.dll.disabled	90112	5F5596C6EE07C50AE457A3DB7F02E1B665A1DBC96585DA1CE6FE5C3BE5C7AC44
Quest3TriggerUI.payload.v4.0.0.pre-radial-appearance-fix.dll.disabled	90112	5F5596C6EE07C50AE457A3DB7F02E1B665A1DBC96585DA1CE6FE5C3BE5C7AC44
Quest3TriggerUI.payload.v4.0.1.candidate.dll.disabled	94208	9AE4785C7821F33D0F69757B61FE13BB9771F5AF5603EC52FA3E0446984D9970
Quest3TriggerUI.payload.v4.0.1.pre-pointer-var-appearance.dll.disabled	94208	9AE4785C7821F33D0F69757B61FE13BB9771F5AF5603EC52FA3E0446984D9970
rollback_test_v1.1\MODIFIED_FILE.dll.disabled	10752	224ECD5175C08587A0084F074A6D677035E80350CBE4A3A07B180A63533DADD1
rollback_test_v1.1\ROLLBACK.sh	512	0FF59063907017E52CEF3A52EE878D69163CF19BD29A888374D9D7F7A916B6E6
rollback_test_v2_1_final\MODIFIED_FILE.dll.disabled	45056	72B56AB327CB27651A80E0A778E3986B42381B2097829E8F9959EEC373E2D61A
rollback_test_v2_1_final\ROLLBACK.sh	528	CE1867A6BAF26F7A0115B86798057AE9BE08EF7FAB50A21C4DA6996F8D5D528F
rollback_test_v2_2_final\MODIFIED_FILE.dll.disabled	49152	BD824B139FFB5BD11511098AE877AE6DAB968B4B33C96485576025A6035D0AF7
rollback_test_v2_2_final\ROLLBACK.sh	528	CE1867A6BAF26F7A0115B86798057AE9BE08EF7FAB50A21C4DA6996F8D5D528F
rollback_test_v2_3_final\game\AddonPackages\___VarsLink___\via5.AlternateUI.1.var	938313	66759FD56E0E24E0688FC04B4B472D4C4D63524712AAC83CF0E832D0DDEF2BFE
rollback_test_v2_3_final\game\AddonPackages\___VarsLink___\via5.AlternateUI.1.var.q3.modified.disabled	930528	EDDAA86AC325ABE0F80FEB751794A2C3D16F6DDEE545990968E72F0035BB6D71
rollback_test_v2_3_final\game\BepInEx\plugins\Quest3TriggerUI\MODIFIED_FILE.dll.disabled	53248	73199BC19007B07C6B9D5C25B325278CC00A9131CD47273C5BD6D651EAAD11B7
rollback_test_v2_3_final\game\BepInEx\plugins\Quest3TriggerUI\ROLLBACK.sh	1146	7012A1D738BF7DA550F119242D02EE291D9D4ACA6961E122EABFC60D50C25CD1
rollback_test_v2_3_final2\game\AddonPackages\___VarsLink___\via5.AlternateUI.1.var	938313	66759FD56E0E24E0688FC04B4B472D4C4D63524712AAC83CF0E832D0DDEF2BFE
rollback_test_v2_3_final2\game\AddonPackages\___VarsLink___\via5.AlternateUI.1.var.q3.modified.disabled	930528	EDDAA86AC325ABE0F80FEB751794A2C3D16F6DDEE545990968E72F0035BB6D71
rollback_test_v2_3_final2\game\BepInEx\plugins\Quest3TriggerUI\MODIFIED_FILE.dll.disabled	53248	98F0A5C3D480F211657921F2271BCA39D1D5EBB58816B0E87E9ABA1578BD95A0
rollback_test_v2_3_final2\game\BepInEx\plugins\Quest3TriggerUI\ROLLBACK.sh	1146	7012A1D738BF7DA550F119242D02EE291D9D4ACA6961E122EABFC60D50C25CD1
rollback_test_v2_3_final3\game\AddonPackages\___VarsLink___\via5.AlternateUI.1.var	938313	66759FD56E0E24E0688FC04B4B472D4C4D63524712AAC83CF0E832D0DDEF2BFE
rollback_test_v2_3_final3\game\AddonPackages\___VarsLink___\via5.AlternateUI.1.var.q3.modified.disabled	930528	EDDAA86AC325ABE0F80FEB751794A2C3D16F6DDEE545990968E72F0035BB6D71
rollback_test_v2_3_final3\game\BepInEx\plugins\Quest3TriggerUI\MODIFIED_FILE.dll.disabled	53248	98F0A5C3D480F211657921F2271BCA39D1D5EBB58816B0E87E9ABA1578BD95A0
rollback_test_v2_3_final3\game\BepInEx\plugins\Quest3TriggerUI\ROLLBACK.sh	1146	7012A1D738BF7DA550F119242D02EE291D9D4ACA6961E122EABFC60D50C25CD1
rollback_test_v2_3_final4\game\AddonPackages\___VarsLink___\via5.AlternateUI.1.var	938313	66759FD56E0E24E0688FC04B4B472D4C4D63524712AAC83CF0E832D0DDEF2BFE
rollback_test_v2_3_final4\game\AddonPackages\___VarsLink___\via5.AlternateUI.1.var.q3.modified.disabled	930751	3DC9570A3C7E8D03A5FF7C28FFBABDF089767A9935E7603CD49474FF2D12C840
rollback_test_v2_3_final4\game\BepInEx\plugins\Quest3TriggerUI\MODIFIED_FILE.dll.disabled	53248	98F0A5C3D480F211657921F2271BCA39D1D5EBB58816B0E87E9ABA1578BD95A0
rollback_test_v2_3_final4\game\BepInEx\plugins\Quest3TriggerUI\ROLLBACK.sh	1146	7012A1D738BF7DA550F119242D02EE291D9D4ACA6961E122EABFC60D50C25CD1
rollback_test_v2_4_final\game\AddonPackages\___VarsLink___\via5.AlternateUI.1.var	938313	66759FD56E0E24E0688FC04B4B472D4C4D63524712AAC83CF0E832D0DDEF2BFE
rollback_test_v2_4_final\game\AddonPackages\___VarsLink___\via5.AlternateUI.1.var.q3.modified.disabled	931343	ECD8FA7BF60CA186397B86D9070FC2D83597D90A7A3DAF0A22E22069B0D38FEF
rollback_test_v2_4_final\game\BepInEx\plugins\Quest3TriggerUI\MODIFIED_FILE.dll.disabled	57344	E160F7E4275EA26E18675F61711DD1A54E1091616B609D59B76012995AC73424
rollback_test_v2_4_final\game\BepInEx\plugins\Quest3TriggerUI\ROLLBACK.sh	1146	7012A1D738BF7DA550F119242D02EE291D9D4ACA6961E122EABFC60D50C25CD1
rollback_test_v2_4_hotfix\game\AddonPackages\___VarsLink___\via5.AlternateUI.1.var	938313	66759FD56E0E24E0688FC04B4B472D4C4D63524712AAC83CF0E832D0DDEF2BFE
rollback_test_v2_4_hotfix\game\AddonPackages\___VarsLink___\via5.AlternateUI.1.var.q3.modified.disabled	931349	D999A9948DA0202085FCDEC2BCF11A376D0005B2673D4A656E35F2761989BFC3
rollback_test_v2_4_hotfix\game\BepInEx\plugins\Quest3TriggerUI\MODIFIED_FILE.dll.disabled	57344	E160F7E4275EA26E18675F61711DD1A54E1091616B609D59B76012995AC73424
rollback_test_v2_4_hotfix\game\BepInEx\plugins\Quest3TriggerUI\ROLLBACK.sh	1146	7012A1D738BF7DA550F119242D02EE291D9D4ACA6961E122EABFC60D50C25CD1
rollback_test_v2_4_v6\game\AddonPackages\___VarsLink___\via5.AlternateUI.1.var	938313	66759FD56E0E24E0688FC04B4B472D4C4D63524712AAC83CF0E832D0DDEF2BFE
rollback_test_v2_4_v6\game\AddonPackages\___VarsLink___\via5.AlternateUI.1.var.q3.modified.disabled	931330	6B234F79C740848E39C6B1D1D2AE1BAEE7ABF1950E0A93A0AFF1524F8EB3D0EE
rollback_test_v2_4_v6\game\BepInEx\plugins\Quest3TriggerUI\MODIFIED_FILE.dll.disabled	57344	E160F7E4275EA26E18675F61711DD1A54E1091616B609D59B76012995AC73424
rollback_test_v2_4_v6\game\BepInEx\plugins\Quest3TriggerUI\ROLLBACK.sh	1146	7012A1D738BF7DA550F119242D02EE291D9D4ACA6961E122EABFC60D50C25CD1
rollback_test_v2_5\game\AddonPackages\___VarsLink___\via5.AlternateUI.1.var	938313	66759FD56E0E24E0688FC04B4B472D4C4D63524712AAC83CF0E832D0DDEF2BFE
rollback_test_v2_5\game\AddonPackages\___VarsLink___\via5.AlternateUI.1.var.q3.modified.disabled	931330	6B234F79C740848E39C6B1D1D2AE1BAEE7ABF1950E0A93A0AFF1524F8EB3D0EE
rollback_test_v2_5\game\BepInEx\plugins\Quest3TriggerUI\MODIFIED_FILE.dll.disabled	65536	EFF10664574BA8CEC57CB31A4B69CA5E4C17A35C530E0A7F359B5668B2AC833A
rollback_test_v2_5\game\BepInEx\plugins\Quest3TriggerUI\ROLLBACK.sh	1146	7012A1D738BF7DA550F119242D02EE291D9D4ACA6961E122EABFC60D50C25CD1
rollback_test_v2_6\game\AddonPackages\___VarsLink___\via5.AlternateUI.1.var	938313	66759FD56E0E24E0688FC04B4B472D4C4D63524712AAC83CF0E832D0DDEF2BFE
rollback_test_v2_6\game\AddonPackages\___VarsLink___\via5.AlternateUI.1.var.q3.modified.disabled	931330	6B234F79C740848E39C6B1D1D2AE1BAEE7ABF1950E0A93A0AFF1524F8EB3D0EE
rollback_test_v2_6\game\BepInEx\plugins\Quest3TriggerUI\MODIFIED_FILE.dll.disabled	69632	F6434CF43EEF5F17959B0A203D461883701CF410ADE34B3102213A2B631B6976
rollback_test_v2_6\game\BepInEx\plugins\Quest3TriggerUI\ROLLBACK.sh	1146	7012A1D738BF7DA550F119242D02EE291D9D4ACA6961E122EABFC60D50C25CD1
rollback_test_v2_7\game\AddonPackages\___VarsLink___\via5.AlternateUI.1.var	938313	66759FD56E0E24E0688FC04B4B472D4C4D63524712AAC83CF0E832D0DDEF2BFE
rollback_test_v2_7\game\AddonPackages\___VarsLink___\via5.AlternateUI.1.var.q3.modified.disabled	931330	6B234F79C740848E39C6B1D1D2AE1BAEE7ABF1950E0A93A0AFF1524F8EB3D0EE
rollback_test_v2_7\game\BepInEx\plugins\Quest3TriggerUI\MODIFIED_FILE.dll.disabled	73728	E95647C9550C13B8F6B41F2BB23E24552F4463DB6921B6FDFC15B9D7F9D8917A
rollback_test_v2_7\game\BepInEx\plugins\Quest3TriggerUI\ROLLBACK.sh	1146	7012A1D738BF7DA550F119242D02EE291D9D4ACA6961E122EABFC60D50C25CD1
rollback_test_v2_8\game\AddonPackages\___VarsLink___\via5.AlternateUI.1.var	938313	66759FD56E0E24E0688FC04B4B472D4C4D63524712AAC83CF0E832D0DDEF2BFE
rollback_test_v2_8\game\AddonPackages\___VarsLink___\via5.AlternateUI.1.var.q3.modified.disabled	931330	6B234F79C740848E39C6B1D1D2AE1BAEE7ABF1950E0A93A0AFF1524F8EB3D0EE
rollback_test_v2_8\game\BepInEx\plugins\Quest3TriggerUI\MODIFIED_FILE.dll.disabled	69632	3956C721F4CEB4D6509DD24C05CB3C7D8D24F369EC0540CD30FB11163818D046
rollback_test_v2_8\game\BepInEx\plugins\Quest3TriggerUI\ROLLBACK.sh	1146	7012A1D738BF7DA550F119242D02EE291D9D4ACA6961E122EABFC60D50C25CD1
rollback_test_v2_9\game\AddonPackages\___VarsLink___\via5.AlternateUI.1.var	938313	66759FD56E0E24E0688FC04B4B472D4C4D63524712AAC83CF0E832D0DDEF2BFE
rollback_test_v2_9\game\AddonPackages\___VarsLink___\via5.AlternateUI.1.var.q3.modified.disabled	931330	6B234F79C740848E39C6B1D1D2AE1BAEE7ABF1950E0A93A0AFF1524F8EB3D0EE
rollback_test_v2_9\game\BepInEx\plugins\Quest3TriggerUI\MODIFIED_FILE.dll.disabled	73728	6A76C24C618B0A8614F1B2E2324BFDAAEDDF7EFE3DAFCAA27F98A784C4B70F25
rollback_test_v2_9\game\BepInEx\plugins\Quest3TriggerUI\ROLLBACK.sh	1146	7012A1D738BF7DA550F119242D02EE291D9D4ACA6961E122EABFC60D50C25CD1
rollback_test_v2_final\MODIFIED_FILE.dll.disabled	40960	CE8AE713BF716893F0540B2829CAE57DD7794E68E973ABC3D1EB76A8AE332763
rollback_test_v2_final\ROLLBACK.sh	528	CE1867A6BAF26F7A0115B86798057AE9BE08EF7FAB50A21C4DA6996F8D5D528F
rollback_test_v2_final2\MODIFIED_FILE.dll.disabled	40960	F5F017124EFEA8174618CA5685B7B2049BB862A7CD318FF132100C99FA4E0D7E
rollback_test_v2_final2\ROLLBACK.sh	528	CE1867A6BAF26F7A0115B86798057AE9BE08EF7FAB50A21C4DA6996F8D5D528F
rollback_test_v2\MODIFIED_FILE.dll.disabled	40960	CE8AE713BF716893F0540B2829CAE57DD7794E68E973ABC3D1EB76A8AE332763
rollback_test_v2\ROLLBACK.sh	512	0FF59063907017E52CEF3A52EE878D69163CF19BD29A888374D9D7F7A916B6E6
rollback_test_v3_0\game\AddonPackages\___VarsLink___\via5.AlternateUI.1.var	938313	66759FD56E0E24E0688FC04B4B472D4C4D63524712AAC83CF0E832D0DDEF2BFE
rollback_test_v3_0\game\AddonPackages\___VarsLink___\via5.AlternateUI.1.var.q3.modified.disabled	931330	6B234F79C740848E39C6B1D1D2AE1BAEE7ABF1950E0A93A0AFF1524F8EB3D0EE
rollback_test_v3_0\game\BepInEx\plugins\Quest3TriggerUI\MODIFIED_FILE.dll.disabled	77824	A6893531639373918245A9DE757FEAF3C21527FAEA64546B28AB41969B52C9D2
rollback_test_v3_0\game\BepInEx\plugins\Quest3TriggerUI\ROLLBACK.sh	1146	7012A1D738BF7DA550F119242D02EE291D9D4ACA6961E122EABFC60D50C25CD1
rollback_test_v3_1\game\AddonPackages\___VarsLink___\via5.AlternateUI.1.var	938313	66759FD56E0E24E0688FC04B4B472D4C4D63524712AAC83CF0E832D0DDEF2BFE
rollback_test_v3_1\game\AddonPackages\___VarsLink___\via5.AlternateUI.1.var.q3.modified.disabled	931330	6B234F79C740848E39C6B1D1D2AE1BAEE7ABF1950E0A93A0AFF1524F8EB3D0EE
rollback_test_v3_1\game\BepInEx\plugins\Quest3TriggerUI\MODIFIED_FILE.dll.disabled	77824	6E7E39C3F2064490308F9BD37A27BAB435BD9C749E17CF6B5CF237939393DBF0
rollback_test_v3_1\game\BepInEx\plugins\Quest3TriggerUI\ROLLBACK.sh	1146	7012A1D738BF7DA550F119242D02EE291D9D4ACA6961E122EABFC60D50C25CD1
rollback_test_v3_2\game\AddonPackages\___VarsLink___\via5.AlternateUI.1.var	938313	66759FD56E0E24E0688FC04B4B472D4C4D63524712AAC83CF0E832D0DDEF2BFE
rollback_test_v3_2\game\AddonPackages\___VarsLink___\via5.AlternateUI.1.var.q3.modified.disabled	931330	6B234F79C740848E39C6B1D1D2AE1BAEE7ABF1950E0A93A0AFF1524F8EB3D0EE
rollback_test_v3_2\game\BepInEx\plugins\Quest3TriggerUI\MODIFIED_FILE.dll.disabled	77824	240004865031578ECE80328C2373EB5BF9D0109B0294789E86CD5AB4ED1A97ED
rollback_test_v3_2\game\BepInEx\plugins\Quest3TriggerUI\ROLLBACK.sh	1146	7012A1D738BF7DA550F119242D02EE291D9D4ACA6961E122EABFC60D50C25CD1
rollback_test_v3_3\game\AddonPackages\___VarsLink___\via5.AlternateUI.1.var	938313	66759FD56E0E24E0688FC04B4B472D4C4D63524712AAC83CF0E832D0DDEF2BFE
rollback_test_v3_3\game\AddonPackages\___VarsLink___\via5.AlternateUI.1.var.q3.modified.disabled	931330	6B234F79C740848E39C6B1D1D2AE1BAEE7ABF1950E0A93A0AFF1524F8EB3D0EE
rollback_test_v3_3\game\BepInEx\plugins\Quest3TriggerUI\MODIFIED_FILE.dll.disabled	81920	E73590EFAF359DB43A7ED4BB1A1643B6D4D302EF021355A76F489E38EBBD27A2
rollback_test_v3_3\game\BepInEx\plugins\Quest3TriggerUI\ROLLBACK.sh	1146	7012A1D738BF7DA550F119242D02EE291D9D4ACA6961E122EABFC60D50C25CD1
rollback_test_v3_4_final\game\AddonPackages\___VarsLink___\via5.AlternateUI.1.var	938313	66759FD56E0E24E0688FC04B4B472D4C4D63524712AAC83CF0E832D0DDEF2BFE
rollback_test_v3_4_final\game\AddonPackages\___VarsLink___\via5.AlternateUI.1.var.q3.modified.disabled	931330	6B234F79C740848E39C6B1D1D2AE1BAEE7ABF1950E0A93A0AFF1524F8EB3D0EE
rollback_test_v3_4_final\game\BepInEx\plugins\Quest3TriggerUI\MODIFIED_FILE.dll.disabled	81920	BE7B79B209FA08A3B42AC019BBBED9BBA07EFC9C573562540601D3EA291DD2D7
rollback_test_v3_4_final\game\BepInEx\plugins\Quest3TriggerUI\ROLLBACK.sh	1146	7012A1D738BF7DA550F119242D02EE291D9D4ACA6961E122EABFC60D50C25CD1
rollback_test_v3_4\game\AddonPackages\___VarsLink___\via5.AlternateUI.1.var	938313	66759FD56E0E24E0688FC04B4B472D4C4D63524712AAC83CF0E832D0DDEF2BFE
rollback_test_v3_4\game\AddonPackages\___VarsLink___\via5.AlternateUI.1.var.q3.modified.disabled	931330	6B234F79C740848E39C6B1D1D2AE1BAEE7ABF1950E0A93A0AFF1524F8EB3D0EE
rollback_test_v3_4\game\BepInEx\plugins\Quest3TriggerUI\MODIFIED_FILE.dll.disabled	81920	BB2A01DED1D9BD3A24B59DC9C4E54452E2F3F7EDEAB9F328959C69215468C654
rollback_test_v3_4\game\BepInEx\plugins\Quest3TriggerUI\ROLLBACK.sh	1146	7012A1D738BF7DA550F119242D02EE291D9D4ACA6961E122EABFC60D50C25CD1
rollback_test_v3_5\game\AddonPackages\___VarsLink___\via5.AlternateUI.1.var	938313	66759FD56E0E24E0688FC04B4B472D4C4D63524712AAC83CF0E832D0DDEF2BFE
rollback_test_v3_5\game\AddonPackages\___VarsLink___\via5.AlternateUI.1.var.q3.modified.disabled	931330	6B234F79C740848E39C6B1D1D2AE1BAEE7ABF1950E0A93A0AFF1524F8EB3D0EE
rollback_test_v3_5\game\BepInEx\plugins\Quest3TriggerUI\MODIFIED_FILE.dll.disabled	81920	5FCF305B80E9CDBAE09FE8D98596DA65C70F4AE6D70917271380D285332908D8
rollback_test_v3_5\game\BepInEx\plugins\Quest3TriggerUI\ROLLBACK.sh	1146	7012A1D738BF7DA550F119242D02EE291D9D4ACA6961E122EABFC60D50C25CD1
rollback_test_v4_0_1_verified\game\AddonPackages\___VarsLink___\via5.AlternateUI.1.var	938313	66759FD56E0E24E0688FC04B4B472D4C4D63524712AAC83CF0E832D0DDEF2BFE
rollback_test_v4_0_1_verified\game\AddonPackages\___VarsLink___\via5.AlternateUI.1.var.q3.modified.disabled	931330	6B234F79C740848E39C6B1D1D2AE1BAEE7ABF1950E0A93A0AFF1524F8EB3D0EE
rollback_test_v4_0_1_verified\game\BepInEx\plugins\Quest3TriggerUI\MODIFIED_FILE.hot-loader.dll.disabled	7168	DEA29D001991CB23C10400A22DCD77E04AD945B296330AB7BB7A871B46B3214F
rollback_test_v4_0_1_verified\game\BepInEx\plugins\Quest3TriggerUI\Quest3TriggerUI.payload.dll.disabled.rollback	94208	9AE4785C7821F33D0F69757B61FE13BB9771F5AF5603EC52FA3E0446984D9970
rollback_test_v4_0_1_verified\game\BepInEx\plugins\Quest3TriggerUI\ROLLBACK.sh	1434	BFCDAE4A9D6DD938E642B2C30EFB6358753ECEE9D3D1826AEA94271BA5B2AA13
rollback_test_v4_0_1\game\AddonPackages\___VarsLink___\via5.AlternateUI.1.var	938313	66759FD56E0E24E0688FC04B4B472D4C4D63524712AAC83CF0E832D0DDEF2BFE
rollback_test_v4_0_1\game\AddonPackages\___VarsLink___\via5.AlternateUI.1.var.q3.modified.disabled	931330	6B234F79C740848E39C6B1D1D2AE1BAEE7ABF1950E0A93A0AFF1524F8EB3D0EE
rollback_test_v4_0_1\game\BepInEx\plugins\Quest3TriggerUI\MODIFIED_FILE.hot-loader.dll.disabled	7168	DEA29D001991CB23C10400A22DCD77E04AD945B296330AB7BB7A871B46B3214F
rollback_test_v4_0_1\game\BepInEx\plugins\Quest3TriggerUI\Quest3TriggerUI.payload.dll.disabled.rollback	94208	9AE4785C7821F33D0F69757B61FE13BB9771F5AF5603EC52FA3E0446984D9970
rollback_test_v4_0_1\game\BepInEx\plugins\Quest3TriggerUI\ROLLBACK.sh	1434	BFCDAE4A9D6DD938E642B2C30EFB6358753ECEE9D3D1826AEA94271BA5B2AA13
rollback_test_v4_0_final\game\AddonPackages\___VarsLink___\via5.AlternateUI.1.var	938313	66759FD56E0E24E0688FC04B4B472D4C4D63524712AAC83CF0E832D0DDEF2BFE
rollback_test_v4_0_final\game\AddonPackages\___VarsLink___\via5.AlternateUI.1.var.q3.modified.disabled	931330	6B234F79C740848E39C6B1D1D2AE1BAEE7ABF1950E0A93A0AFF1524F8EB3D0EE
rollback_test_v4_0_final\game\BepInEx\plugins\Quest3TriggerUI\MODIFIED_FILE.hot-loader.dll.disabled	6656	BE129264B586BAB04BEC24F09139824AE180F577527E50A3DBBE186B0CAF5031
rollback_test_v4_0_final\game\BepInEx\plugins\Quest3TriggerUI\Quest3TriggerUI.payload.dll.disabled.rollback	90112	220DBE5E12685B1A69B63315D3E3F0F4EA230AB512647EB547BB5A753DF19EE6
rollback_test_v4_0_final\game\BepInEx\plugins\Quest3TriggerUI\ROLLBACK.sh	1434	BFCDAE4A9D6DD938E642B2C30EFB6358753ECEE9D3D1826AEA94271BA5B2AA13
rollback_test_v4_0_verified\game\AddonPackages\___VarsLink___\via5.AlternateUI.1.var	938313	66759FD56E0E24E0688FC04B4B472D4C4D63524712AAC83CF0E832D0DDEF2BFE
rollback_test_v4_0_verified\game\AddonPackages\___VarsLink___\via5.AlternateUI.1.var.q3.modified.disabled	931330	6B234F79C740848E39C6B1D1D2AE1BAEE7ABF1950E0A93A0AFF1524F8EB3D0EE
rollback_test_v4_0_verified\game\BepInEx\plugins\Quest3TriggerUI\MODIFIED_FILE.hot-loader.dll.disabled	6656	BE129264B586BAB04BEC24F09139824AE180F577527E50A3DBBE186B0CAF5031
rollback_test_v4_0_verified\game\BepInEx\plugins\Quest3TriggerUI\Quest3TriggerUI.payload.dll.disabled.rollback	90112	220DBE5E12685B1A69B63315D3E3F0F4EA230AB512647EB547BB5A753DF19EE6
rollback_test_v4_0_verified\game\BepInEx\plugins\Quest3TriggerUI\ROLLBACK.sh	1434	BFCDAE4A9D6DD938E642B2C30EFB6358753ECEE9D3D1826AEA94271BA5B2AA13
rollback_test_v4_0_verified2\game\AddonPackages\___VarsLink___\via5.AlternateUI.1.var	938313	66759FD56E0E24E0688FC04B4B472D4C4D63524712AAC83CF0E832D0DDEF2BFE
rollback_test_v4_0_verified2\game\AddonPackages\___VarsLink___\via5.AlternateUI.1.var.q3.modified.disabled	931330	6B234F79C740848E39C6B1D1D2AE1BAEE7ABF1950E0A93A0AFF1524F8EB3D0EE
rollback_test_v4_0_verified2\game\BepInEx\plugins\Quest3TriggerUI\MODIFIED_FILE.hot-loader.dll.disabled	7168	DEA29D001991CB23C10400A22DCD77E04AD945B296330AB7BB7A871B46B3214F
rollback_test_v4_0_verified2\game\BepInEx\plugins\Quest3TriggerUI\Quest3TriggerUI.payload.dll.disabled.rollback	90112	5F5596C6EE07C50AE457A3DB7F02E1B665A1DBC96585DA1CE6FE5C3BE5C7AC44
rollback_test_v4_0_verified2\game\BepInEx\plugins\Quest3TriggerUI\ROLLBACK.sh	1434	BFCDAE4A9D6DD938E642B2C30EFB6358753ECEE9D3D1826AEA94271BA5B2AA13
rollback_test_v4_5_1\BepInEx\plugins\Quest3TriggerUI\PresetBrowserFileTools.cs	16768	4CEF831647BFB537F7E8CBDE73BDA45D292D979164CB828C4518D12185FF67CE
rollback_test_v4_5_1\BepInEx\plugins\Quest3TriggerUI\Quest3TriggerUI.cs	26067	EABB0B08469A0F6703349E3484D40FF4F8D224E47D7ED712FAF3EF70D6383A94
rollback_test_v4_5_1\BepInEx\plugins\Quest3TriggerUI\Quest3TriggerUI.payload.dll.disabled	90112	49CE1785194E061ABEA3A04873A2D62464054FF563CA25047778DE6F23B62389
rollback_test_v4_5_1\BepInEx\plugins\Quest3TriggerUI\SceneQuickActions.cs	31219	071878091608F503014513387B169770240ADF92B18279A7D84190DB81DA73A1
rollback_test_v4_5_1\BepInEx\plugins\Quest3TriggerUI\VrKeyboardOverlay.cs	46138	4732F969F14AC7989AD765ECB26A002353712562F4A23D9BEA35053D9917C1FC
rollback_test_v4_5_3\BepInEx\plugins\Quest3TriggerUI\PresetBrowserFileTools.cs	16768	4CEF831647BFB537F7E8CBDE73BDA45D292D979164CB828C4518D12185FF67CE
rollback_test_v4_5_3\BepInEx\plugins\Quest3TriggerUI\Quest3TriggerUI.cs	26067	EABB0B08469A0F6703349E3484D40FF4F8D224E47D7ED712FAF3EF70D6383A94
rollback_test_v4_5_3\BepInEx\plugins\Quest3TriggerUI\Quest3TriggerUI.payload.dll.disabled	90112	49CE1785194E061ABEA3A04873A2D62464054FF563CA25047778DE6F23B62389
rollback_test_v4_5_3\BepInEx\plugins\Quest3TriggerUI\SceneQuickActions.cs	31219	071878091608F503014513387B169770240ADF92B18279A7D84190DB81DA73A1
rollback_test_v4_5_3\BepInEx\plugins\Quest3TriggerUI\VrKeyboardOverlay.cs	46138	4732F969F14AC7989AD765ECB26A002353712562F4A23D9BEA35053D9917C1FC
rollback_test_v4_5\BepInEx\plugins\Quest3TriggerUI\PresetBrowserFileTools.cs	16768	4CEF831647BFB537F7E8CBDE73BDA45D292D979164CB828C4518D12185FF67CE
rollback_test_v4_5\BepInEx\plugins\Quest3TriggerUI\Quest3TriggerUI.cs	26067	EABB0B08469A0F6703349E3484D40FF4F8D224E47D7ED712FAF3EF70D6383A94
rollback_test_v4_5\BepInEx\plugins\Quest3TriggerUI\Quest3TriggerUI.payload.dll.disabled	90112	49CE1785194E061ABEA3A04873A2D62464054FF563CA25047778DE6F23B62389
rollback_test_v4_5\BepInEx\plugins\Quest3TriggerUI\SceneQuickActions.cs	31219	071878091608F503014513387B169770240ADF92B18279A7D84190DB81DA73A1
rollback_test_v4_5\BepInEx\plugins\Quest3TriggerUI\VrKeyboardOverlay.cs	46138	4732F969F14AC7989AD765ECB26A002353712562F4A23D9BEA35053D9917C1FC
rollback_test\MODIFIED_FILE.dll.disabled	9728	BE4CF21693256662472573E71CC68E3CD8F1E901788C48BDD6F401427DDE5FDF
rollback_test\ROLLBACK.sh	512	0FF59063907017E52CEF3A52EE878D69163CF19BD29A888374D9D7F7A916B6E6
ROLLBACK.sh	1434	BFCDAE4A9D6DD938E642B2C30EFB6358753ECEE9D3D1826AEA94271BA5B2AA13
staged_v3.5.0\DIFF_FILE.patch	181560	EEE1292EB7F0A560AA84491035390F233A4F2F446B66A892FA871DEF355A9A65
staged_v3.5.0\MODIFIED_FILE.dll.disabled	81920	5FCF305B80E9CDBAE09FE8D98596DA65C70F4AE6D70917271380D285332908D8
staged_v3.5.0\ROLLBACK.sh	1146	7012A1D738BF7DA550F119242D02EE291D9D4ACA6961E122EABFC60D50C25CD1
staged_v3.5.0\VERIFICATION.txt	6565	61EA3BF34FF511C817EB702506096375872044F1C3B9C32BDF00FE4080864A43
staged_v4.0.1\DIFF_FILE.patch	119257	EECAA89DC97BA4DF702976674DBDBCE0A511B8137017B00C5017CAE4C485DCBA
staged_v4.0.1\MODIFIED_FILE.dll.disabled	94208	9AE4785C7821F33D0F69757B61FE13BB9771F5AF5603EC52FA3E0446984D9970
staged_v4.0.1\ROLLBACK.sh	1434	BFCDAE4A9D6DD938E642B2C30EFB6358753ECEE9D3D1826AEA94271BA5B2AA13
staged_v4.0.1\VERIFICATION.txt	5458	307AE047C9FB6EC38D3B9708028BAA0AA47CDAFC80B4313516B4DCEA1BB0E623
staged_v4.5.3\BASELINE_RESULT.txt	228	DDCE597B6442018AC483148FC43D21CFA0F517C1ADE796A87125216A3737E5C8
staged_v4.5.3\compile_v4.5.3.rsp	1871	A833246D564F31AFF7771C8BA5A0E256F057C949E187D1BA2B5CBD526308AC4A
staged_v4.5.3\DIFF_FILE.patch	20818	8C5D1C3183FE867F932F3C818C739DEB206C5512EC7DA92A873CA458124975CB
staged_v4.5.3\MODIFIED_FILE.dll.disabled	106496	02ABAA01DDF81CE1CFCE2095C4E7AC341BEE22096279ED6D6BD585172579413B
staged_v4.5.3\original_source\PresetBrowserFileTools.cs	16768	4CEF831647BFB537F7E8CBDE73BDA45D292D979164CB828C4518D12185FF67CE
staged_v4.5.3\original_source\Quest3TriggerUI.cs	26067	EABB0B08469A0F6703349E3484D40FF4F8D224E47D7ED712FAF3EF70D6383A94
staged_v4.5.3\original_source\SceneQuickActions.cs	31219	071878091608F503014513387B169770240ADF92B18279A7D84190DB81DA73A1
staged_v4.5.3\original_source\VrKeyboardOverlay.cs	46138	4732F969F14AC7989AD765ECB26A002353712562F4A23D9BEA35053D9917C1FC
staged_v4.5.3\ORIGINAL_v4.4.0.payload.dll.disabled	90112	49CE1785194E061ABEA3A04873A2D62464054FF563CA25047778DE6F23B62389
staged_v4.5.3\Quest3TriggerUI.Payload.v4.5.3.dll.disabled	106496	02ABAA01DDF81CE1CFCE2095C4E7AC341BEE22096279ED6D6BD585172579413B
staged_v4.5.3\ROLLBACK.sh	855	DE7BC845CACC51E041E46E4FDFD48FBF1843E763E57C1F443B19E753ADEB5037
staged_v4.5.3\VERIFICATION.txt	5344	29605BEF0B6C8B785891DB89B06F697DD08553F7FF9AACEE19FCCE8072E3B894
staged_v4.5.3\VERIFY_BASELINE_V4_5_3.ps1	1068	5F66F0D616D0E849640F59C5A3D4C9E83940C044C6FBF71EE6A39E284BEC23EE
staged_v4.5.3\VERIFY_MODIFIED_V4_5.ps1	3300	97814FCC904E0766F5F1CC336DA2BA56587F354CDF40F83880B6DF4CDBB1F5FE
staged_v4.5.3\VERIFY_ROLLBACK_V4_5_3.ps1	1709	86016B9DEEEC3E965D9B41B771232E2596699F6A6F0E9206E857F1F4E3E4D81C
staged_v4.6.0\compile_v4.6.0.rsp	1954	84C0B7B3197E8900B0208717078E312FBE7CAEE21B2B77C771D8F6FEB7B67966
staged_v4.6.0\DIFF_FILE.v4.6.0.patch	166795	B68AB592BCE250929195C9E2BDFFFCA9523068A77F5C5319BE1EE021E3FC0B75
staged_v4.6.0\original_source\Quest3TriggerUI.cs	26109	F2913140B776F0DF898B34F3631053194836627D34315025032DAE045DCFC429
staged_v4.6.0\original_source\SceneQuickActions.cs	32219	A87D2FB6B1EC6C45687E7649B11F92BBF4248D4E000D28E8DE3026557C748A1A
staged_v4.6.0\original_source\VrKeyboardOverlay.cs	46221	747B584EEBAEC1413745B985DC19906704A8ECADECA8A109171E70B4E56D2E3D
staged_v4.6.0\original_source\VrRadialMenu.cs	13160	523B3C33E8C99D3BC329AC3E4FC91EB18814486C89489AC2CFDB9680CF0B9631
staged_v4.6.0\ORIGINAL_v4.5.3.payload.dll.disabled	106496	02ABAA01DDF81CE1CFCE2095C4E7AC341BEE22096279ED6D6BD585172579413B
staged_v4.6.0\Quest3TriggerUI.Payload.v4.6.0.dll.disabled	339968	2653A088C6B0310DDBB42480E808B6C4A371E104104886CB435FB3922D430928
staged_v4.6.0\rollback_test_v4_6_0\Quest3TriggerUI.cs	26109	F2913140B776F0DF898B34F3631053194836627D34315025032DAE045DCFC429
staged_v4.6.0\rollback_test_v4_6_0\Quest3TriggerUI.payload.dll.disabled	106496	02ABAA01DDF81CE1CFCE2095C4E7AC341BEE22096279ED6D6BD585172579413B
staged_v4.6.0\rollback_test_v4_6_0\SceneQuickActions.cs	32219	A87D2FB6B1EC6C45687E7649B11F92BBF4248D4E000D28E8DE3026557C748A1A
staged_v4.6.0\rollback_test_v4_6_0\VrKeyboardOverlay.cs	46221	747B584EEBAEC1413745B985DC19906704A8ECADECA8A109171E70B4E56D2E3D
staged_v4.6.0\rollback_test_v4_6_0\VrRadialMenu.cs	13160	523B3C33E8C99D3BC329AC3E4FC91EB18814486C89489AC2CFDB9680CF0B9631
staged_v4.6.0\ROLLBACK.sh	736	5A5043E64C0A30A8D5BD15387C542BE34FACED54EF6BA8DCB21D32A0AE16650C
staged_v4.6.0\VERIFICATION.txt	4255	2A69A35E96DB0323CFEC28917A5A8CBAA2A405B937DCD5B84E905CBFABAA90EA
staged_v4.6.0\VERIFY_BASELINE.ps1	1135	762F2AC83A6B98A7296D78209F8B86C4C471F725C80112900FCE5553CA9850C3
staged_v4.6.0\VERIFY_MODIFIED.ps1	2328	8B95F3FA690E9550480D72094D779DE73E62C487F3E508C2EFCA735DC9B95E0F
staged_v4.6.0\VERIFY_ROLLBACK.ps1	1981	5DD4D0241E1275DC7C3A7820742ACE2C34F99C9CC608D7FF0184042D8B5F1D14
staged_v4.6.1\compile_v4.6.1.rsp	1956	444CCE9B80CE433A85385EB4D6E6FA387CEF9C7001F6890779878C8ADCC68F1A
staged_v4.6.1\DIFF_FILE.v4.6.1.patch	18955	14069C49F45E67E892EC637A63947E3FCD4F9843C65FC1362DC4E387B1CDC2C2
staged_v4.6.1\original_source\Quest3TriggerUI.cs	26188	30A085F6281FE4CF34F5F69CC7CD693B51FD78B8C5D4723611109CEE4BD55DB1
staged_v4.6.1\original_source\SceneQuickActions.cs	40972	14B4AEB89C71D0117A0D828FD9D3A500682112668408B38BA46D02D846B17F57
staged_v4.6.1\ORIGINAL_v4.6.0.payload.dll.disabled	339968	2653A088C6B0310DDBB42480E808B6C4A371E104104886CB435FB3922D430928
staged_v4.6.1\Quest3TriggerUI.Payload.v4.6.1.dll.disabled	344064	0527DA31E36BF125C92F3F9C34272F07588505E8646B1ADFD7F508248EBE3FB1
staged_v4.6.1\rollback_test_v4_6_1\Quest3TriggerUI.cs	26188	30A085F6281FE4CF34F5F69CC7CD693B51FD78B8C5D4723611109CEE4BD55DB1
staged_v4.6.1\rollback_test_v4_6_1\Quest3TriggerUI.payload.dll.disabled	339968	2653A088C6B0310DDBB42480E808B6C4A371E104104886CB435FB3922D430928
staged_v4.6.1\rollback_test_v4_6_1\SceneQuickActions.cs	40972	14B4AEB89C71D0117A0D828FD9D3A500682112668408B38BA46D02D846B17F57
staged_v4.6.1\ROLLBACK.sh	670	7C02EBE21C17B851E2139D877BE90B805C21F19B1B5E64F3F59F994FC8BBC6E3
staged_v4.6.1\timeline_ref\AtomAnimation.Playback.cs	33343	27DAC12F9A76DA717F91029CACA62AEEA4FDD5642137E19A91EE293F21A30033
staged_v4.6.1\timeline_ref\AtomAnimationSerializer.cs	45268	7AFA1A5DDF7FAB2FF246AF4587C677C8F921C62EE11B23B506CA06A109FAF26E
staged_v4.6.1\timeline_ref\AtomPlugin.cs	67939	42F546B1FD0140FDBB2219783993CB80A221CCF60B212DDE135D72D5859D6080
staged_v4.6.1\timeline_ref\IAtomPlugin.cs	996	47DFBEFC70B8734824FAFC128AD0F01C88EEC66304DE041D85F6F1CD34814572
staged_v4.6.1\timeline_ref\IRemoteAtomPlugin.cs	337	A5B59065C8FAE294ED73D2D6BEC237CF336A5C0A8240C511373A75B7A6B8C872
staged_v4.6.1\VERIFICATION.txt	4464	67F4EAF7AAF3BBD30BCD3D25C5CD5F2871C0CD7A771D23B6F93C0DF91FAAB56A
staged_v4.6.1\VERIFY_BASELINE.ps1	963	A533699E7E0F26D965076AAE14FA03F90D350390ED06787C15CD42184A1FBFF9
staged_v4.6.1\VERIFY_MODIFIED.ps1	2084	5D541CB78351AD06EF17BB588A9B6093B3203B7C323FA78A3530F9E2899030B7
staged_v4.6.1\VERIFY_ROLLBACK.ps1	1893	EDAE20342449E82144D3DEF133E286A4C12FF78116487C58E208ED765E605416
staged_v4.6.10\AssemblyLoadTests.net35.cs	1927	9C26D7F6EE99638F1D939513D1A75BB75474C5B170F1D9A86EB4287914F1C2F0
staged_v4.6.10\AssemblyLoadTests.net35.exe	5120	84071DB0DEEBF04EE783B1B587E4996B15735C1CDE1DE0041695BF6C4FF6E2F6
staged_v4.6.10\compile_v4.6.10.rsp	1976	CC4D7DC652FB34974C6CE545084357760988183164DA73265CBA4C1CA87B5E45
staged_v4.6.10\DIFF_FILE.v4.6.10.patch	619	C4B2F7DFC69A76C92164F2FCDEF1ABAA7BED78BB5A95AB66936474B6D05BAE0E
staged_v4.6.10\MODIFIED_FILE.v4.6.10.dll.disabled	352256	8CD96930EC148F1775C2C9705A388CBEBC47C28FFB5B17C275A919FA5D095ECA
staged_v4.6.10\original_source\Quest3TriggerUI.cs	26554	499B2C1F9A295B38CFA9B1EEB07769042708E329907E8E2B5FA9B72C9D525904
staged_v4.6.10\original_source\SceneQuickActions.cs	67234	AE6C460E965C02D6083927F82439019D7E62314362E663B97F1DA731A90539B5
staged_v4.6.10\ORIGINAL_v4.6.9.net40.payload.dll.disabled	342016	A79EC1049D60366E11408D2F3C7DC9583CF9068951565F0698E4FEDBEF8784C5
staged_v4.6.10\rollback_test_v4_6_10\Quest3TriggerUI.cs	26554	499B2C1F9A295B38CFA9B1EEB07769042708E329907E8E2B5FA9B72C9D525904
staged_v4.6.10\rollback_test_v4_6_10\Quest3TriggerUI.payload.dll.disabled	342016	A79EC1049D60366E11408D2F3C7DC9583CF9068951565F0698E4FEDBEF8784C5
staged_v4.6.10\rollback_test_v4_6_10\SceneQuickActions.cs	67234	AE6C460E965C02D6083927F82439019D7E62314362E663B97F1DA731A90539B5
staged_v4.6.10\ROLLBACK.sh	664	4E6033A668614E7450464D6DC0B041BFD89E2369D561AB4D22238AB3A24BB0F9
staged_v4.6.10\VERIFICATION.txt	4220	2D45B104CC2D2F59CFFDB42736E77856A0CE313558F8EE3D75810F0D0FABF8C9
staged_v4.6.10\VERIFY_BASELINE.ps1	990	14207BA319781FE1B2A99A51B3ABFEDF805B729AFB4C3D47BF999B967860CB70
staged_v4.6.10\VERIFY_MODIFIED.ps1	2512	C5517B9B29D8FFC2C27D5C83932BDC2EFEAF12A57BDEF997669B34E364478BB0
staged_v4.6.10\VERIFY_ROLLBACK.ps1	1910	2EA540D1DCF3244A095262D62A7AA2E1233A7DC26A04693F9DF5A448A9CD25E6
staged_v4.6.11\AssemblyLoadTests.net35.exe	5120	84071DB0DEEBF04EE783B1B587E4996B15735C1CDE1DE0041695BF6C4FF6E2F6
staged_v4.6.11\compile_v4.6.11.rsp	1978	A928026F181EAE5E2D30F8A7BA5B73D9027A0ED063F3AA517A9F758403FF3C2C
staged_v4.6.11\DIFF_FILE.v4.6.11.patch	8494	38C9A5746041F9CCB67B76F19E7B8A91DE2FE174DFC2CC033F435E5B0ECC1824
staged_v4.6.11\MODIFIED_FILE.v4.6.11.dll.disabled	352256	2443B08A015CD57712D913408F5D864D2DBE0175E81EBA86C91E95B09241AAC0
staged_v4.6.11\original_source\Quest3TriggerUI.cs	26555	53A4DAB07A3256E211B7AB09C0CD8714B56DEDF2BC48CAD05AB9BEA987267F3D
staged_v4.6.11\original_source\SceneQuickActions.cs	67234	AE6C460E965C02D6083927F82439019D7E62314362E663B97F1DA731A90539B5
staged_v4.6.11\ORIGINAL_v4.6.10.payload.dll.disabled	352256	8CD96930EC148F1775C2C9705A388CBEBC47C28FFB5B17C275A919FA5D095ECA
staged_v4.6.11\rollback_test_v4_6_11\Quest3TriggerUI.cs	26555	53A4DAB07A3256E211B7AB09C0CD8714B56DEDF2BC48CAD05AB9BEA987267F3D
staged_v4.6.11\rollback_test_v4_6_11\Quest3TriggerUI.payload.dll.disabled	352256	8CD96930EC148F1775C2C9705A388CBEBC47C28FFB5B17C275A919FA5D095ECA
staged_v4.6.11\rollback_test_v4_6_11\SceneQuickActions.cs	67234	AE6C460E965C02D6083927F82439019D7E62314362E663B97F1DA731A90539B5
staged_v4.6.11\ROLLBACK.sh	676	017069F182D935DCB39C878D101898067FEEC4F419282DCE00BDF95C5EE8D4A4
staged_v4.6.11\VERIFICATION.txt	4469	F5E3ED61420FC7A8FCB1EC951CEA0E5B15A5DF12F5C3D9522F4EB3A76AAADE74
staged_v4.6.11\VERIFY_BASELINE.ps1	977	5199A02D3FAAC790D0F63954E981AE4D91FED53FB6927AA20D178BECF15C3516
staged_v4.6.11\VERIFY_MODIFIED.ps1	2498	8C3940A0C6DB9F52C36ADAF89D58E7D5AFE0805487451968E2782D91D3D9244F
staged_v4.6.11\VERIFY_ROLLBACK.ps1	1830	158DDCC5C859B2EF61954FDF81AA43273F81589F7212266E910F381966C986DC
staged_v4.6.12\compile_v4.6.12.rsp	1980	5CC4863A6D2B18FB16FD9A71F4BCC1E1CC32DC1BABA35CD3893992DE862B1475
staged_v4.6.12\DIFF_FILE.v4.6.12.patch	6136	D06CFF0121187E3A5D1947819E7C4FBDDC8F86EA21307047B82C2B1C19C47602
staged_v4.6.12\MODIFIED_FILE.v4.6.12.dll.disabled	356352	9DC9368F7A3A0BC5DBFD60CB5C4924A086E63272B1B73397B503756F41ACDA4B
staged_v4.6.12\original_source\Quest3TriggerUI.cs	26564	B60697733FDC9818A705A8A4834A819A8DB57C56FF4AE78DA64DAFFACABD482A
staged_v4.6.12\original_source\SceneQuickActions.cs	69181	F586F6C525DA17D287C1EAE00C655679726A60B58344963A8970FCFE4B4882CD
staged_v4.6.12\ORIGINAL_v4.6.11.payload.dll.disabled	352256	2443B08A015CD57712D913408F5D864D2DBE0175E81EBA86C91E95B09241AAC0
staged_v4.6.12\rollback_test_v4.6.12\Quest3TriggerUI.cs	26564	B60697733FDC9818A705A8A4834A819A8DB57C56FF4AE78DA64DAFFACABD482A
staged_v4.6.12\rollback_test_v4.6.12\Quest3TriggerUI.payload.dll.disabled	352256	2443B08A015CD57712D913408F5D864D2DBE0175E81EBA86C91E95B09241AAC0
staged_v4.6.12\rollback_test_v4.6.12\SceneQuickActions.cs	69181	F586F6C525DA17D287C1EAE00C655679726A60B58344963A8970FCFE4B4882CD
staged_v4.6.12\ROLLBACK.sh	1140	11AD377353565E5E07EEFA81411C2E27E06E847360CE44DDA88ECD6D314BB2D5
staged_v4.6.12\VERIFICATION.txt	5035	6363B0D94A9DC223E21F69FCB5C95CF6A945FA54B04AA9B557A6C6E4933DA5D0
staged_v4.6.12\VERIFY_BASELINE.ps1	535	A35D7DDFC1D9AD94D8EDC1339F0349CFFBCDD29AA1D1E71D111250CB9425A458
staged_v4.6.12\VERIFY_MODIFIED.ps1	2213	AE1994870E092AC768B33F60A15970690AD99FAF5AAAF9F6E02B9C4AE9851367
staged_v4.6.13\BrowserRoutingTests.cs	2148	0974ED803D12885178563F12E4C9B237048D10957351E7446014EBC44DF4239B
staged_v4.6.13\BrowserRoutingTests.exe	5120	90AB3B1DF699BBAE997A4E6B77ADD25E097400A3C229F7E31E3FD95C49EA44BE
staged_v4.6.13\compile.rsp	1989	AC47D462E73047D7A92372F5A0288F65CD002854B2EDC70793C4BDA826E5A42F
staged_v4.6.13\DIFF_FILE.patch	13386	AEE6A7D2218E391AD6613F72174693B525F0B2614E265D81F5DF25CE8098F5D3
staged_v4.6.13\MODIFIED_FILE.dll.disabled	356352	DEF5D87C7B65A1C4219EE9B226AC083A3B0A37F4BD936B90D68FB4C613996811
staged_v4.6.13\original_source\PresetBrowserFileTools.cs	22259	1F3809709E9FBB2ED754B51081C739BC7E539D8F8A5627BC06EFEAD299DE7ECD
staged_v4.6.13\original_source\PROJECT_STATE.md	5375	7F9B788E26EB0D2800850CC084ECDB1BC6B06742593D64B7CD86E061766AFAB3
staged_v4.6.13\original_source\Quest3TriggerUI.cs	26611	57D884D8C8E6603712EA365878E32092A4E77D6CF9CC10912061872AA998A94C
staged_v4.6.13\ORIGINAL.dll.disabled	356352	9DC9368F7A3A0BC5DBFD60CB5C4924A086E63272B1B73397B503756F41ACDA4B
staged_v4.6.13\Quest3TriggerUI.Payload.v4.6.13.dll.disabled	356352	DEF5D87C7B65A1C4219EE9B226AC083A3B0A37F4BD936B90D68FB4C613996811
staged_v4.6.13\rollback_test\PresetBrowserFileTools.cs	22259	1F3809709E9FBB2ED754B51081C739BC7E539D8F8A5627BC06EFEAD299DE7ECD
staged_v4.6.13\rollback_test\PROJECT_STATE.md	5375	7F9B788E26EB0D2800850CC084ECDB1BC6B06742593D64B7CD86E061766AFAB3
staged_v4.6.13\rollback_test\Quest3TriggerUI.cs	26611	57D884D8C8E6603712EA365878E32092A4E77D6CF9CC10912061872AA998A94C
staged_v4.6.13\rollback_test\Quest3TriggerUI.payload.dll.disabled	356352	9DC9368F7A3A0BC5DBFD60CB5C4924A086E63272B1B73397B503756F41ACDA4B
staged_v4.6.13\ROLLBACK.sh	653	0C9D3946D0B2126EE682F15659CE50D1693464FB270801648692CA3DFD02F1DC
staged_v4.6.13\test_browser.py	2782	75702099ECA019AF3ACB32068C1B6561F8BCBA760412581E028E59A978424D3D
staged_v4.6.13\VERIFICATION.txt	3537	3987D2C2AD1BD34E68526DD58A10970023493CF048663263ADD66A46DB3BF339
staged_v4.6.14\compile.rsp	1989	9068D802AF6A0AE4A002E6394197C18FEA693C2B32C84D11EC071E866F98BE81
staged_v4.6.14\DIFF_FILE.patch	7221	92AF21E70713CF2E120E25F9341B8D89557F0FA073369578F433446BDC9B2D22
staged_v4.6.14\MODIFIED_FILE.dll.disabled	356352	E7E16C56F3CB1E8921547B4A5B03D6792CB41AC2CE5BB71D6E53917D96E097B5
staged_v4.6.14\original_source\PROJECT_STATE.md	6581	899A8F1257983A8C4F808C712EC386ADA904B1B9DC6E1BC387EBBE91FF9D4A4A
staged_v4.6.14\original_source\Quest3TriggerUI.cs	26611	8BD1A47DEDB5217A9A92B9C0576670EBBAD64489EF4DDF370E8A2EFA529E4CC4
staged_v4.6.14\original_source\VrRadialMenu.cs	21505	2AC21BDC2409FE65381D855E329C2A91864B3C66AFC7F9278113A3644C26F058
staged_v4.6.14\ORIGINAL.dll.disabled	356352	DEF5D87C7B65A1C4219EE9B226AC083A3B0A37F4BD936B90D68FB4C613996811
staged_v4.6.14\Quest3TriggerUI.Payload.v4.6.14.dll.disabled	356352	E7E16C56F3CB1E8921547B4A5B03D6792CB41AC2CE5BB71D6E53917D96E097B5
staged_v4.6.14\rollback_test\PROJECT_STATE.md	6581	899A8F1257983A8C4F808C712EC386ADA904B1B9DC6E1BC387EBBE91FF9D4A4A
staged_v4.6.14\rollback_test\Quest3TriggerUI.cs	26611	8BD1A47DEDB5217A9A92B9C0576670EBBAD64489EF4DDF370E8A2EFA529E4CC4
staged_v4.6.14\rollback_test\Quest3TriggerUI.payload.dll.disabled	356352	DEF5D87C7B65A1C4219EE9B226AC083A3B0A37F4BD936B90D68FB4C613996811
staged_v4.6.14\rollback_test\VrRadialMenu.cs	21505	2AC21BDC2409FE65381D855E329C2A91864B3C66AFC7F9278113A3644C26F058
staged_v4.6.14\ROLLBACK.sh	589	19E0DA2AF797D8A7458CE892B0109B0BB04804340817C2C319BAE7A7B9F60056
staged_v4.6.14\test.ps1	791	FEAF03129D998632F684389A31099B965B2416A14636CF6771FB48C854338C75
staged_v4.6.14\VERIFICATION.txt	2301	C32A9A8A31660DA4AC4FCAF5609572AE4DCEBAECA0CE3FB01CB50E9E91B56D9F
staged_v4.6.15\compile.rsp	1989	F2E3ADFF0F2D3D4F9E7E5C02B908FE82010CFFC3677B7F141BAA92F0A614827F
staged_v4.6.15\DIFF_FILE.patch	5314	9978634D78530CF5487526E5747AC8D908B029D76A538A8321A3F4FFD7745DF9
staged_v4.6.15\MODIFIED_FILE.dll.disabled	356352	114FDE469F9996EA05BADAF334167081EA360A1C52A31F3DAD17364CA1D168F8
staged_v4.6.15\original_source\PROJECT_STATE.md	6581	899A8F1257983A8C4F808C712EC386ADA904B1B9DC6E1BC387EBBE91FF9D4A4A
staged_v4.6.15\original_source\Quest3TriggerUI.cs	26611	8BD1A47DEDB5217A9A92B9C0576670EBBAD64489EF4DDF370E8A2EFA529E4CC4
staged_v4.6.15\original_source\SceneQuickActions.cs	72315	8272CA86401D958181D9F0380A69A0EB88ECFC4CC9AA6D9E2DFF806884BEB852
staged_v4.6.15\ORIGINAL.dll.disabled	356352	DEF5D87C7B65A1C4219EE9B226AC083A3B0A37F4BD936B90D68FB4C613996811
staged_v4.6.15\Quest3TriggerUI.Payload.v4.6.15.dll.disabled	356352	114FDE469F9996EA05BADAF334167081EA360A1C52A31F3DAD17364CA1D168F8
staged_v4.6.15\RepeatTests.cs	3648	FB6F0DABE123D0B3617468B7E3774D65BC14D03AFC9D809F49A7DF2A542AE45E
staged_v4.6.15\RepeatTests.exe	6656	2D7DFE60D93995453223C2B5684F2DEBE29E097A4F0E2CF92AE03C428A848FC2
staged_v4.6.15\rollback_test\PROJECT_STATE.md	6581	899A8F1257983A8C4F808C712EC386ADA904B1B9DC6E1BC387EBBE91FF9D4A4A
staged_v4.6.15\rollback_test\Quest3TriggerUI.cs	26611	8BD1A47DEDB5217A9A92B9C0576670EBBAD64489EF4DDF370E8A2EFA529E4CC4
staged_v4.6.15\rollback_test\Quest3TriggerUI.payload.dll.disabled	356352	DEF5D87C7B65A1C4219EE9B226AC083A3B0A37F4BD936B90D68FB4C613996811
staged_v4.6.15\rollback_test\SceneQuickActions.cs	72315	8272CA86401D958181D9F0380A69A0EB88ECFC4CC9AA6D9E2DFF806884BEB852
staged_v4.6.15\ROLLBACK.sh	604	63C6C923713D88B9ABEB7CFDDC743E7098A156DC5832DB5028CC1CC1DFE8082A
staged_v4.6.15\test_repeat.py	2917	8ECC9D4EDB051306512C99709431DAEC34E48F112A3432AD05830BBE924A7C29
staged_v4.6.15\VERIFICATION.txt	2908	4D654DD1C26D60368FD1C0BA65689D0376D6161688C9EFF98D9E84F4C18108F3
staged_v4.6.16\compile.rsp	2059	207B1353B4A24D5A3E5A0103286B2BBC895495A357FF3D3549F965D0B20A827A
staged_v4.6.16\DIFF_FILE.patch	18270	D37C220B05F78E81B4AF41D526AFFA96720F0F3A7ADC97A0E59EDEDBAC07963D
staged_v4.6.16\DiscoveryUnderTest.cs	5126	6A11CE86299A049B21DBC453D5C3AE7E4F956D6C04EDA5498D46AAA537C86DFE
staged_v4.6.16\FlowTests.cs	2789	ED4F0942CEEAF0C4A87CB9047B3F3E72795B76012ED3D67CEDFBE4E6299FC7FA
staged_v4.6.16\FlowTests.exe	24576	13C0BF61BE1A080850DFA08E257052C90DE9F7BFE4A78BB31A3C32C112C43D1A
staged_v4.6.16\MODIFIED_FILE.dll.disabled	360448	F89535CF3323C82A2C303EDD8146D6B75D7C706EEE493FBC467D3FDDF144D6CD
staged_v4.6.16\original_source\PROJECT_STATE.md	7599	B78433A3C737EB69638496D97A50CA33490CD560D857ED9FC80679008389CE6C
staged_v4.6.16\original_source\Quest3TriggerUI.cs	26611	67F0DB7CD9B226C58299E2B5F4EA1A651F79D01EFC7969A1C1094C989CBFAA7D
staged_v4.6.16\original_source\VrKeyboardOverlay.cs	52483	AE3BF9C66892CF59A17E84AF67ACE521E99E4636E24CE388AD9519F6795E23FB
staged_v4.6.16\ORIGINAL.dll.disabled	356352	114FDE469F9996EA05BADAF334167081EA360A1C52A31F3DAD17364CA1D168F8
staged_v4.6.16\Quest3TriggerUI.Payload.v4.6.16.dll.disabled	360448	F89535CF3323C82A2C303EDD8146D6B75D7C706EEE493FBC467D3FDDF144D6CD
staged_v4.6.16\rollback_test\PROJECT_STATE.md	7599	B78433A3C737EB69638496D97A50CA33490CD560D857ED9FC80679008389CE6C
staged_v4.6.16\rollback_test\Quest3TriggerUI.cs	26611	67F0DB7CD9B226C58299E2B5F4EA1A651F79D01EFC7969A1C1094C989CBFAA7D
staged_v4.6.16\rollback_test\Quest3TriggerUI.payload.dll.disabled	356352	114FDE469F9996EA05BADAF334167081EA360A1C52A31F3DAD17364CA1D168F8
staged_v4.6.16\rollback_test\VrKeyboardOverlay.cs	52483	AE3BF9C66892CF59A17E84AF67ACE521E99E4636E24CE388AD9519F6795E23FB
staged_v4.6.16\ROLLBACK.sh	725	E58B58B4E5A1C1477757495EDE74ACD63E746D8D663CFEFC89BAB5EA3D21DAA2
staged_v4.6.16\RuntimeStubs.cs	2507	F0E2D53CA54A017150DF3761EF7AA41EEC897A8F52D1B82D17EA813701A36BBC
staged_v4.6.16\scene.fixture.json	632458	31BF26BBF85091B1BC64723BAA40B9AD82AC1B9276BE1DAB1AF043EBCB65DED0
staged_v4.6.16\VERIFICATION.txt	4326	D8992A241A23C2E0F618FC86F3E2BA730DAB7E35D237B6FD8CBB90D0BF6284BF
staged_v4.6.16\verify_feature.ps1	832	B5E08EF5C5EA2B975A1D256956E2755D9A9782C0F7B728000DFE11936EC6D4CF
staged_v4.6.17\compile.rsp	2061	E43344498D83955AB1D59730CD06D537B0DC3ACF5F9591052EEBE690B248C43B
staged_v4.6.17\DIFF_FILE.patch	3541	84AFFBDA3ECFE2B0F4245F5C1E2703AA75BAABD0A13B29326526944614458F09
staged_v4.6.17\FlowTests.cs	2789	ED4F0942CEEAF0C4A87CB9047B3F3E72795B76012ED3D67CEDFBE4E6299FC7FA
staged_v4.6.17\FlowTests.exe	16896	9280929087050CF277B718D211D45A1A02C48A5EB27488A869CB84E46CABC03A
staged_v4.6.17\MODIFIED_FILE.dll.disabled	360448	D0F74EC7C10487020AD61A1CCED9FE014500D4F4A000A2D3CDE1D3D4F4DD5D3B
staged_v4.6.17\original_source\PROJECT_STATE.md	9687	5D2B02F7FCA3EEB91149B297BADED026610D6B940DE061BD0DC5659CE47CEED6
staged_v4.6.17\original_source\Quest3TriggerUI.cs	26611	C41351C9DA6A9E66EC3C475F243ACADBEAA5E190244B251200D646A9EAF0E35C
staged_v4.6.17\original_source\ScenePlaybackFlow.cs	9335	07BB8CB9F694321770E9A3DBDBFA47E546636372DD8C04A322FEBD9E6B69C5DC
staged_v4.6.17\ORIGINAL.dll.disabled	360448	F89535CF3323C82A2C303EDD8146D6B75D7C706EEE493FBC467D3FDDF144D6CD
staged_v4.6.17\Quest3TriggerUI.Payload.v4.6.17.dll.disabled	360448	D0F74EC7C10487020AD61A1CCED9FE014500D4F4A000A2D3CDE1D3D4F4DD5D3B
staged_v4.6.17\rollback_test\PROJECT_STATE.md	9687	5D2B02F7FCA3EEB91149B297BADED026610D6B940DE061BD0DC5659CE47CEED6
staged_v4.6.17\rollback_test\Quest3TriggerUI.cs	26611	C41351C9DA6A9E66EC3C475F243ACADBEAA5E190244B251200D646A9EAF0E35C
staged_v4.6.17\rollback_test\Quest3TriggerUI.payload.dll.disabled	360448	F89535CF3323C82A2C303EDD8146D6B75D7C706EEE493FBC467D3FDDF144D6CD
staged_v4.6.17\rollback_test\ScenePlaybackFlow.cs	9335	07BB8CB9F694321770E9A3DBDBFA47E546636372DD8C04A322FEBD9E6B69C5DC
staged_v4.6.17\ROLLBACK.sh	605	7580FD7D17D1FD14D9F8A1AEF2383F43B5617FB5E6FDFD7EFA2B5B9E9A90425D
staged_v4.6.17\RuntimeStubs.cs	3197	E717ABFC01E0580465F086C78259073DC4358D34F97EAD72CC2FA85E19A45DB1
staged_v4.6.17\VERIFICATION.txt	2262	5BB6F73EFEBE499F4AB629F759EA0532732416EDF27379B5EA1B19AD845C68A7
staged_v4.6.18\Baseline.cs	597	057FCEBCD45289FEF4DBD0FA135C60BE9BE664CF55DE8F975966B46482F42FB1
staged_v4.6.18\Baseline.exe	24576	EB648758EC57BFAC5C8DEAD2DEF2CAAA0828601EA2A7469E8BC83F7DD63E0B78
staged_v4.6.18\buttons.fixture.json	53091	E8ED07A4E05DA724D9691E84DFC18521C0DEE3D767A2CDA835BBA2F8BC45FEFF
staged_v4.6.18\compile.rsp	2063	B9AB9912A85699C25651962BFB61A1A50E52F1BEE3EE4A871F74F4C6BC3F7681
staged_v4.6.18\DIFF_FILE.patch	15899	B38757BFFC07085FC323D0251987F4BD351F8446D3150A2CF27F8B6223A2F60E
staged_v4.6.18\FlowTests.cs	2789	ED4F0942CEEAF0C4A87CB9047B3F3E72795B76012ED3D67CEDFBE4E6299FC7FA
staged_v4.6.18\FlowTests.exe	32768	BB7F1FB58B693BA087B5E0683538EB510D2B6FA33D822E4BE7B857B46F3A496F
staged_v4.6.18\Inspect.cs	731	4F675B2BB95E899A0715E970BC3A3C41820B389E7A23CF05876CF9821156FDAB
staged_v4.6.18\Inspect.exe	5632	32F1A5223AD1D4842D2623DB93F6B044A0FCF4794B6FE6C0B123A68991CF62D1
staged_v4.6.18\MODIFIED_FILE.dll.disabled	368640	96A156008727759B8FE1ACE03FA56A1D26BFAD7C557D40CEB51A82263D97D6B1
staged_v4.6.18\Mono.Cecil.dll.disabled	339456	7AE470288FFF4A402899C254D0A76CEFEF55877F5C54F96E83C797CC5BB6E2F6
staged_v4.6.18\NumberedTests.cs	5038	794F9C4408A39A6BC414355CBE5CE1EF31F22AD36146D53B11E04DFBFBCCB589
staged_v4.6.18\NumberedTests.exe	36864	DE3536632913FDCD63F598B6828DBDA3E0A2A113B253BBAF23350210599DE8C7
staged_v4.6.18\original_source\PROJECT_STATE.md	10660	1981D26C32120A852D1C12F9436984FC2B004D8F6BFEA17B421EEB275CB9965C
staged_v4.6.18\original_source\Quest3TriggerUI.cs	26613	B22CDF960B763ADA1EB810FA9FE64A0104591F3BAC4BDDB0B210F4FB0EC4266F
staged_v4.6.18\original_source\ScenePlaybackFlow.cs	10916	41A45639F950435A5D5E02E9B18E9F3584EB040DE2059D12DADBBE83F39F3808
staged_v4.6.18\ORIGINAL.dll.disabled	360448	D0F74EC7C10487020AD61A1CCED9FE014500D4F4A000A2D3CDE1D3D4F4DD5D3B
staged_v4.6.18\Quest3TriggerUI.Payload.v4.6.18.dll.disabled	368640	96A156008727759B8FE1ACE03FA56A1D26BFAD7C557D40CEB51A82263D97D6B1
staged_v4.6.18\rollback_test\PROJECT_STATE.md	10660	1981D26C32120A852D1C12F9436984FC2B004D8F6BFEA17B421EEB275CB9965C
staged_v4.6.18\rollback_test\Quest3TriggerUI.cs	26613	B22CDF960B763ADA1EB810FA9FE64A0104591F3BAC4BDDB0B210F4FB0EC4266F
staged_v4.6.18\rollback_test\Quest3TriggerUI.payload.dll.disabled	360448	D0F74EC7C10487020AD61A1CCED9FE014500D4F4A000A2D3CDE1D3D4F4DD5D3B
staged_v4.6.18\rollback_test\ScenePlaybackFlow.cs	10916	41A45639F950435A5D5E02E9B18E9F3584EB040DE2059D12DADBBE83F39F3808
staged_v4.6.18\ROLLBACK.sh	610	237F006FA08C5586B091F1D4A12703F63F06CBBA7DA656606A18F42148415690
staged_v4.6.18\RuntimeStubs.cs	3197	E717ABFC01E0580465F086C78259073DC4358D34F97EAD72CC2FA85E19A45DB1
staged_v4.6.18\VERIFICATION.txt	3209	56B30B94C347F866B4734C72893AA55A4BAAEE4CDFBA4AE74567309C172A870D
staged_v4.6.19\Baseline.cs	591	797C8343BB1F8911F02CC2585275FBDF219800B87C24A62DB11203F057F4ED22
staged_v4.6.19\Baseline.exe	32768	F448740F205ABA8E24DA006C95CCEA4FBAB8C4E2838FEFFC8F9AE3B598A83373
staged_v4.6.19\compile.rsp	2065	24C3268347A2AB25281F86CE25D480B9A21F379AFAB0F4CB5F9A8E79D9E84783
staged_v4.6.19\DIFF_FILE.patch	9904	CA5B9FE6EC45AE9DF1DB477DA2CFAABC1B67CC47D9D3DC4407230769A125C325
staged_v4.6.19\FlowTests.exe	36864	5D9A3AA4FAC17D6DC9E657064831F0CC01183EC757821874E33DB54D3B1A3916
staged_v4.6.19\homie.scene.json	38217508	CCB64D24A55E89C34F2EDC681984AE35F82837FD964721F3E4B6E6FF809CF5CA
staged_v4.6.19\MODIFIED_FILE.dll.disabled	368640	89210EC81C3039DAB87C0DB1E3B1CE126102790E962863335C291E8B117F1C04
staged_v4.6.19\NumberedTests.exe	40960	98D7A799152E46963F4368BE5D05D6A5ECDE55E2AEFBEA4914EC6DFF5D29C10F
staged_v4.6.19\original_source\PROJECT_STATE.md	12501	C1778EA5AB6A8582E6836E79DE037FDCDDFB8E3A07405DE55ED7D7C262F1C6F7
staged_v4.6.19\original_source\Quest3TriggerUI.cs	26615	E0DEFCE0CECD4790BE25C66E86371C6938A3E2D9B031E325CC97A57CE30B6B3D
staged_v4.6.19\original_source\ScenePlaybackFlow.cs	19996	E5DA7B1D0D71A6E97ADC3B1DF37712FAF8F512211BCB702C188D16124AE61230
staged_v4.6.19\ORIGINAL.dll.disabled	368640	96A156008727759B8FE1ACE03FA56A1D26BFAD7C557D40CEB51A82263D97D6B1
staged_v4.6.19\Quest3TriggerUI.Payload.v4.6.19.dll.disabled	368640	89210EC81C3039DAB87C0DB1E3B1CE126102790E962863335C291E8B117F1C04
staged_v4.6.19\rollback_test\PROJECT_STATE.md	12501	C1778EA5AB6A8582E6836E79DE037FDCDDFB8E3A07405DE55ED7D7C262F1C6F7
staged_v4.6.19\rollback_test\Quest3TriggerUI.cs	26615	E0DEFCE0CECD4790BE25C66E86371C6938A3E2D9B031E325CC97A57CE30B6B3D
staged_v4.6.19\rollback_test\Quest3TriggerUI.payload.dll.disabled	368640	96A156008727759B8FE1ACE03FA56A1D26BFAD7C557D40CEB51A82263D97D6B1
staged_v4.6.19\rollback_test\ScenePlaybackFlow.cs	19996	E5DA7B1D0D71A6E97ADC3B1DF37712FAF8F512211BCB702C188D16124AE61230
staged_v4.6.19\ROLLBACK.sh	608	27681672E4440AE29C8CFF33041FAF09DE8E022237F11DEAC2E29A0E7A64632E
staged_v4.6.19\VERIFICATION.txt	2350	4DC5A161D335D25FBCC257C8443CA196F47E7FF02131B87C355239A8035165B7
staged_v4.6.19\widgets.fixture.json	98552	5310DC63034F4E70AC758A1AA5D3D736A93115510FD3A230AF6BDDFC3F791C51
staged_v4.6.19\WidgetTests.cs	3652	125C914EE58BD7F9AF65BF6CEFB65B855A4FE8BAB78345B2B54EF4208EEF9AA9
staged_v4.6.19\WidgetTests.exe	45056	8443FABC90BDE6F1769D3FD8A406A519F2DB847625ADF616D83CF931A4E8A70E
staged_v4.6.2\compile_hot_loader.rsp	402	E04236CFACE9F9513290598F57EB1857734DE3FF1226CDA7737F8823C3AC9CF8
staged_v4.6.2\compile_v4.6.2.rsp	1958	7145D9553CDBB23065811B1447726F1A08BEF09FD3B828C5B4841DD7F81AB88C
staged_v4.6.2\DIFF_FILE.v4.6.2.patch	3221	371A9B1D59B2A15C82229C5276762474614DE353492D1DFB2C3E76FF213FE7E9
staged_v4.6.2\original_source\Quest3TriggerUI.cs	26213	1F77F89A118A05384AD040E4CD46C6C6FBEF8476409504A5D7D898E999EC6603
staged_v4.6.2\original_source\SceneQuickActions.cs	47790	A233A56D7C520DA2BCFB376A6740471776DE7F24602925D26B19141AAC8F5E3C
staged_v4.6.2\ORIGINAL_v4.6.1.payload.dll.disabled	344064	0527DA31E36BF125C92F3F9C34272F07588505E8646B1ADFD7F508248EBE3FB1
staged_v4.6.2\Quest3TriggerUI.HotLoader.dll.disabled	7168	C49E9A51BCCB82895CA1141CAA875B1372D4F4A175743A5459805CF72882C592
staged_v4.6.2\Quest3TriggerUI.Payload.v4.6.2.dll.disabled	344064	AD44FE0FD0190543FE2BA2FC1B98B0307E7DD18F77211E83A4EBE36D4C05D61B
staged_v4.6.2\RENAMED_ACTIVE_DLLS.relative.txt	369	66F7404A3AD8565FB1ED2E7F076FBF2A44C9BBAAE22B8D814E71D30046DEF864
staged_v4.6.2\RENAMED_ACTIVE_DLLS.txt	849	3FE6251F0F7B21A47108EB95EC0E353008DA298CFEBBAC29FFF32303D319B76E
staged_v4.6.2\rollback_test_v4_6_2\MODIFIED_FILE.dll.disabled	9	5BD17A4A66C4126008A147278511F1FB55774B443FA32BF571A0FFD5A8EFC073
staged_v4.6.2\rollback_test_v4_6_2\MODIFIED_FILE.v4.6.1.dll.disabled	9	5BD17A4A66C4126008A147278511F1FB55774B443FA32BF571A0FFD5A8EFC073
staged_v4.6.2\rollback_test_v4_6_2\MODIFIED_FILE.v4.6.1.final.dll.disabled	9	5BD17A4A66C4126008A147278511F1FB55774B443FA32BF571A0FFD5A8EFC073
staged_v4.6.2\rollback_test_v4_6_2\MODIFIED_FILE.v4.6.1.toggle.dll.disabled	9	5BD17A4A66C4126008A147278511F1FB55774B443FA32BF571A0FFD5A8EFC073
staged_v4.6.2\rollback_test_v4_6_2\MODIFIED_FILE.v4.6.2.dll.disabled	9	5BD17A4A66C4126008A147278511F1FB55774B443FA32BF571A0FFD5A8EFC073
staged_v4.6.2\rollback_test_v4_6_2\Quest3TriggerUI.cs	26213	1F77F89A118A05384AD040E4CD46C6C6FBEF8476409504A5D7D898E999EC6603
staged_v4.6.2\rollback_test_v4_6_2\Quest3TriggerUI.payload.dll.disabled	344064	0527DA31E36BF125C92F3F9C34272F07588505E8646B1ADFD7F508248EBE3FB1
staged_v4.6.2\rollback_test_v4_6_2\SceneQuickActions.cs	47790	A233A56D7C520DA2BCFB376A6740471776DE7F24602925D26B19141AAC8F5E3C
staged_v4.6.2\rollback_test_v4_6_2\staged_v4.5.3\MODIFIED_FILE.dll.disabled	9	5BD17A4A66C4126008A147278511F1FB55774B443FA32BF571A0FFD5A8EFC073
staged_v4.6.2\rollback_test_v4_6_2\staged_v4.5.3\Quest3TriggerUI.Payload.v4.5.3.dll.disabled	9	5BD17A4A66C4126008A147278511F1FB55774B443FA32BF571A0FFD5A8EFC073
staged_v4.6.2\rollback_test_v4_6_2\staged_v4.6.0\Quest3TriggerUI.Payload.v4.6.0.dll.disabled	9	5BD17A4A66C4126008A147278511F1FB55774B443FA32BF571A0FFD5A8EFC073
staged_v4.6.2\rollback_test_v4_6_2\staged_v4.6.1\Quest3TriggerUI.Payload.v4.6.1.dll.disabled	9	5BD17A4A66C4126008A147278511F1FB55774B443FA32BF571A0FFD5A8EFC073
staged_v4.6.2\rollback_test_v4_6_2\staged_v4.6.2\Quest3TriggerUI.Payload.v4.6.2.dll.disabled	9	5BD17A4A66C4126008A147278511F1FB55774B443FA32BF571A0FFD5A8EFC073
staged_v4.6.2\ROLLBACK.sh	1110	21D62EE68E745FD07D04F989D2CC9579E90B05F2A4803DAA2940ACED850BE190
staged_v4.6.2\VERIFICATION.txt	4372	CC4308A7D05179412C2723D9CD8FC69F1BB32602A38AE8AF74EE1F4CB9E9515F
staged_v4.6.2\VERIFY_BASELINE.ps1	1002	848F40F32D340B151A89267C90482361E4AA1CCC7C3BCEBAE51D6BC818CE9766
staged_v4.6.2\VERIFY_MODIFIED.ps1	1604	1BA34E6F2A112AA6CD678AD4721F3ADF7D53666CC86E18059B9BA35F8053F3B7
staged_v4.6.2\VERIFY_ROLLBACK.ps1	2835	638C41F738F450BDCF0224D09640B02837749CD9870B8B5605D08253F69C812C
staged_v4.6.20\compile.rsp	2067	2F19139E462B27D19B0266C706906D7E0370608E6496693020C6701A4BB0B1FB
staged_v4.6.20\DIFF_FILE.patch	8329	BC3F1EA5405D2EDCFD0C43846B725866DC789149AB774ED10D57198341831F5C
staged_v4.6.20\FlowTests.exe	36864	D37C01D776C14093B0086996251FBAE4D492017C176552B6071FAF62D94AB0C5
staged_v4.6.20\HomieTests.cs	4375	74865707F28D956066A075B558C82F2241B08480B5750EB6B3298BF07F2E0067
staged_v4.6.20\HomieTests.exe	40960	0D73D4772919CC77E355704FD16346E1D9D7C44B1C0976E57FBB386F915B8511
staged_v4.6.20\MODIFIED_FILE.dll.disabled	368640	229AD612165E64966C1F4ECB53185AB90CB4BB06E897E9D45A94A7FC0B3ABAE6
staged_v4.6.20\NumberedTests.exe	40960	0D14C668884D6369BE62271B7018FD3F5780C8FA3A4510328082FF042B3BD015
staged_v4.6.20\original_source\PROJECT_STATE.md	13870	0BA2A963BD657065210F9529A4FED5A13182BAFAC9FF97A5DCC0852917752B11
staged_v4.6.20\original_source\Quest3TriggerUI.cs	26617	CE331B045584F9B2733210970B062F46B49B6C91493EFC27E6965CC692DA27C9
staged_v4.6.20\original_source\ScenePlaybackFlow.cs	22756	58A56E1DFAA8C3B0CAD6D48B19AC0EDCA0375DCDA9293A5222A494F0DCDF0A82
staged_v4.6.20\ORIGINAL.dll.disabled	368640	89210EC81C3039DAB87C0DB1E3B1CE126102790E962863335C291E8B117F1C04
staged_v4.6.20\qiang.scene.json	50071073	6DE8834E03665F98A4C5338480A4FD7D6DF97526CA5B268999BF42C4A4070610
staged_v4.6.20\Quest3TriggerUI.Payload.v4.6.20.dll.disabled	368640	229AD612165E64966C1F4ECB53185AB90CB4BB06E897E9D45A94A7FC0B3ABAE6
staged_v4.6.20\rollback_test\PROJECT_STATE.md	13870	0BA2A963BD657065210F9529A4FED5A13182BAFAC9FF97A5DCC0852917752B11
staged_v4.6.20\rollback_test\Quest3TriggerUI.cs	26617	CE331B045584F9B2733210970B062F46B49B6C91493EFC27E6965CC692DA27C9
staged_v4.6.20\rollback_test\Quest3TriggerUI.payload.dll.disabled	368640	89210EC81C3039DAB87C0DB1E3B1CE126102790E962863335C291E8B117F1C04
staged_v4.6.20\rollback_test\ScenePlaybackFlow.cs	22756	58A56E1DFAA8C3B0CAD6D48B19AC0EDCA0375DCDA9293A5222A494F0DCDF0A82
staged_v4.6.20\ROLLBACK.sh	615	D4293BEEE05BA604861BAFA607810C6FDFD9AA9F7DB095E704C45A3EC1D2DCD1
staged_v4.6.20\RuntimeStubs.cs	3333	D4C3322B2E566A79B6F25A56E2E738112F45913354ACC5FD15496A382F3E1425
staged_v4.6.20\VERIFICATION.txt	3822	46F7A9FFB1D8CEF63CCA8893DFBD7F8FA772D9C25D87A779C3D0529611C6941C
staged_v4.6.20\WidgetTests.exe	45056	BB1E76B6CFAA9C4B3C3601623A07A640CA2BF534508904FE4BD1707B2FF9CE28
staged_v4.6.21\compile.rsp	2068	6D47BAFCC192437116C8EA6978A7498F5E2AF6EB146BC6984D686BCBE0B8E273
staged_v4.6.21\DIFF_FILE.patch	9031	D095777B24F422641D369618229ECF69736B21987B1FFF0E8E81209A6BEA619F
staged_v4.6.21\FlowModified.exe	36864	DBF408620548F599BE48A9DCC3146C0CDD225F46B0F359D4DE0161BF5EDD9FC1
staged_v4.6.21\libvam.scene.json	17542712	F6C88C329259E0376C8571717B645BE21A5D8F0DA520300272B15A2459292DB4
staged_v4.6.21\MODIFIED_FILE.dll.disabled	372736	1E1F0562145B2CCABF4363374E29CFB268EE4FBED7E1D2156AE785D11CD805B8
staged_v4.6.21\modified_source\PROJECT_STATE.md	16732	2B3C1347CF769D013D0251CF1035F003E9A1B8D7A8A103777D58071F2A481483
staged_v4.6.21\modified_source\Quest3TriggerUI.cs	26619	C7C24361AC586FC7C3DF2B4B54D0113B4A924F165DAFDDAF4AF78D49BA86CE97
staged_v4.6.21\modified_source\ScenePlaybackFlow.cs	26335	A3A0B0818C83FA5B7FC4A9DCD933552CE7EFA29AA498BCF2F27343DA0D0B1205
staged_v4.6.21\NumberedModified.exe	40960	D4E9BB2122F45763345127AFE735DDE5711189083763E430F0F2438432CAABC0
staged_v4.6.21\original_source\PROJECT_STATE.md	15426	94DEA651BF4FE562FAEACA299A412F61D5A799C74257007C2F277B6C77CFB660
staged_v4.6.21\original_source\Quest3TriggerUI.cs	26619	8FC8EA5D89151A5736E2161615CB71305472EB589B7325E603595BD6608A552F
staged_v4.6.21\original_source\ScenePlaybackFlow.cs	23623	C366BD4C9E11A54086F4BC88FEB87D764A845390EAB8CF5C7536718DE4FD0087
staged_v4.6.21\ORIGINAL.dll.disabled	368640	229AD612165E64966C1F4ECB53185AB90CB4BB06E897E9D45A94A7FC0B3ABAE6
staged_v4.6.21\qiang.scene.json	50071073	6DE8834E03665F98A4C5338480A4FD7D6DF97526CA5B268999BF42C4A4070610
staged_v4.6.21\QiangBaseline.exe	36864	E140D1FDC00FF53991E14F44837290CFEFDC5B729941FB7EA8CE159158384634
staged_v4.6.21\QiangDuplicateTests.cs	5812	36F978E2AF615454F92D2BD2267CED267308BC3C829DC438D3CC9F7D451BCA37
staged_v4.6.21\QiangModified.exe	40960	B40F03A8833869493AD6139EF6F09178BA910C953FDD240EA11A0A8EC1A76216
staged_v4.6.21\Quest3TriggerUI.Payload.v4.6.21.dll.disabled	372736	1E1F0562145B2CCABF4363374E29CFB268EE4FBED7E1D2156AE785D11CD805B8
staged_v4.6.21\rollback_test\PROJECT_STATE.md	15426	94DEA651BF4FE562FAEACA299A412F61D5A799C74257007C2F277B6C77CFB660
staged_v4.6.21\rollback_test\Quest3TriggerUI.cs	26619	8FC8EA5D89151A5736E2161615CB71305472EB589B7325E603595BD6608A552F
staged_v4.6.21\rollback_test\Quest3TriggerUI.payload.dll.disabled	368640	229AD612165E64966C1F4ECB53185AB90CB4BB06E897E9D45A94A7FC0B3ABAE6
staged_v4.6.21\rollback_test\ScenePlaybackFlow.cs	23623	C366BD4C9E11A54086F4BC88FEB87D764A845390EAB8CF5C7536718DE4FD0087
staged_v4.6.21\ROLLBACK.sh	619	9EF7AB133597BC0272421B809B9CB3149B96EB675200F20B8958B323865D880A
staged_v4.6.21\RuntimeStubs.cs	3405	843699455D4E4613A49A4EA67483E74E9D94F6CF9C7AB361A911EB8E922F9BB1
staged_v4.6.21\VERIFICATION.txt	4050	FADBF42F2400236D7C68CA894A46DEA367695C5E297C71D2CB5BFB27A9A1A8D9
staged_v4.6.22\compile_baseline_payload.log	335	DF95D466FBFD123C50D1765A625C38E64D09DFCFBAC3A4C9F883EA3DAF13C4EF
staged_v4.6.22\compile_baseline.log	43306	D12B9654A35254D5E2868C2BE84DA6504586CC624C548141098E71331FEAF3F6
staged_v4.6.22\compile_baseline.rsp	2049	4E5B02BFB0F4AADE16633D32644DC9E8B773D51EB0F6940144D27F9B46A22FFE
staged_v4.6.22\compile_modified.log	47653	7C3D29E7CFC47753DF5B84B0A163ADD02EC29F0588AA72F6B49AF24331D667FB
staged_v4.6.22\compile_payload.log	335	DF95D466FBFD123C50D1765A625C38E64D09DFCFBAC3A4C9F883EA3DAF13C4EF
staged_v4.6.22\compile_probe.log	51211	E9316B1ED688D1265E275ED0B30FC17684E75D077280343F0AED8BBB42D55381
staged_v4.6.22\compile_qiang.log	51810	028EC1021B20A4D9A269DB71DDE125CC066EBD85AAB5B8460D21A0274B03E62D
staged_v4.6.22\compile.rsp	2070	442D5E1158161C76EEA56E221D8348C36AD9D61D62609F56DD7F5B7DDFA8F26F
staged_v4.6.22\DIFF_FILE.patch	15642	B908BA3E988A23B187A7E0AE0F8AB988020534D1916CE5A1966770F9FA613751
staged_v4.6.22\HierarchicalActualProbe.cs	2789	ED2CA2B3BDF48DA3614F65C4A19C2344B31C8158BBB9A3D22137FAB1AAEA12B6
staged_v4.6.22\HierarchicalActualProbe.exe	35328	4D1CD070F0D83C7F256834FE00D94830796E96070DD3F59CE4A39A88ED48BAC5
staged_v4.6.22\HierarchicalBaseline.exe	29184	590BF5667C06610942988ECD6CCF9CF45615130CA53ECB26E4F1385E64CDF8F6
staged_v4.6.22\HierarchicalModified.exe	33792	4242C2081A63849A775F6BDD037ABB7FB89FD6C34E3AE10A8F5EC04F09AD0765
staged_v4.6.22\HierarchicalPlaybackTests.cs	7050	20BEB1CB5F3634B8BF56163E1E3D32493F5CFC6177BE6213864F1D388F1350CD
staged_v4.6.22\MODIFIED_FILE.dll.disabled	376832	24C53C15FA5807FE0AEBD4F543E6381D493E17828756C531CE0151F40CC7CC92
staged_v4.6.22\modified_source\Quest3TriggerUI.cs	26619	A3ECD3439755DEC284A3CB0CC225261995EC23DC8693DFAA062D112A87E7F2B6
staged_v4.6.22\modified_source\ScenePlaybackFlow.cs	38318	2365981FBD26702C194ABEC1B5C091FA9529DFD3E5D96C4CD407CE27B2BF308B
staged_v4.6.22\original_source\Quest3TriggerUI.cs	26619	C7C24361AC586FC7C3DF2B4B54D0113B4A924F165DAFDDAF4AF78D49BA86CE97
staged_v4.6.22\original_source\ScenePlaybackFlow.cs	26335	A3A0B0818C83FA5B7FC4A9DCD933552CE7EFA29AA498BCF2F27343DA0D0B1205
staged_v4.6.22\ORIGINAL.dll.disabled	372736	1E1F0562145B2CCABF4363374E29CFB268EE4FBED7E1D2156AE785D11CD805B8
staged_v4.6.22\QiangModifiedV422.exe	32768	2D1A398E42432C74829A324BFED633E75EE5DF5FBB804F5C56E0CB7326DCE7E4
staged_v4.6.22\Quest3TriggerUI.Payload.v4.6.22.dll.disabled	376832	24C53C15FA5807FE0AEBD4F543E6381D493E17828756C531CE0151F40CC7CC92
staged_v4.6.22\rollback_test\payload\Quest3TriggerUI.Payload.restored.dll.disabled	372736	1E1F0562145B2CCABF4363374E29CFB268EE4FBED7E1D2156AE785D11CD805B8
staged_v4.6.22\rollback_test\source\ScenePlaybackFlow.cs	26335	A3A0B0818C83FA5B7FC4A9DCD933552CE7EFA29AA498BCF2F27343DA0D0B1205
staged_v4.6.22\ROLLBACK.sh	635	8DAE1F80C7EEE765D036584892E3A6B6C92B9A3F4EF2C09A1EDFD2FFDAD7394C
staged_v4.6.22\Runner.cs	951	D58EA847554C89C0D623E7C225166EB234BD07E041D54828029DA1033B4BB767
staged_v4.6.22\Runner.exe	4608	837E8E4B070A89E8F594D708A04AFB830502C6364FA303F89CCFAF9E342121D4
staged_v4.6.22\RuntimeStubs.cs	3405	843699455D4E4613A49A4EA67483E74E9D94F6CF9C7AB361A911EB8E922F9BB1
staged_v4.6.22\VERIFICATION.txt	4069	A1E9682182FBA83A128D812C8D51A4FFF5C67CA402BB41D542021FB25EAD9EF6
staged_v4.6.23\compile_baseline_new_v4.log	69866	C574357E98D47517A8A5E5394FBA3745740A8ED9B0BDFED18002DA245FB12BBC
staged_v4.6.23\compile_baseline_v4.6.23.log	57566	222A8DDBB983117644B066ADE2083A2C9C6F92A5945B573CEBDE90842152999E
staged_v4.6.23\compile_modified_new_v4.log	72562	65DA2D9C3D8DDEE12D5D1AFD3E7A0456BB0EFD7BDF5560A94CD5ADF55C8F6B0F
staged_v4.6.23\compile_modified_new.log	63148	BA9D7BEC81B90DF8822EA96721163318C6FA0ABB980C96784F2E90F9D5DCB423
staged_v4.6.23\compile_modified_v4.6.23.log	61973	B2BD13133F4DA4FB79430E3D952DCB1F392DAB532D9740377B5B92A5ADCD45AB
staged_v4.6.23\compile_payload_v4.6.23.log	109	0F21A79B9E3EEF886B048924559093A45600E4F5D2D7033E0E55CB3791F26B5E
staged_v4.6.23\compile_probe_v4.6.23.log	66267	FF3595E3E252DDF2FC7164ED628D4E902CA1271E15872CB9C47BF3EE8A4717D0
staged_v4.6.23\compile_story_api.log	56523	65A58EBF5F7BFC3457D130DB8F433183D6AFFA86EEE53B0CB356DA2A58610843
staged_v4.6.23\compile_v4.6.23.log	109	0F21A79B9E3EEF886B048924559093A45600E4F5D2D7033E0E55CB3791F26B5E
staged_v4.6.23\compile_v4.6.23.rsp	2070	36EBD1DAC87A21E8D6899061BFC942247FCF6E16362D89A2B48DCDE06446C7BC
staged_v4.6.23\HierarchicalActualProbe.cs	2789	ED2CA2B3BDF48DA3614F65C4A19C2344B31C8158BBB9A3D22137FAB1AAEA12B6
staged_v4.6.23\HierarchicalActualProbe.exe	40448	C8A81E2319029BE1B1BEA6E4A653DBCA81FBA330EED2F8405D4FA375ACBED893
staged_v4.6.23\HierarchicalBaseline.exe	37376	6666CBCC88C226FD4C81681DF7F1585AC69EDC5040007063764EE79F1EA918E4
staged_v4.6.23\HierarchicalModified.exe	38400	A71539A223609ACD065D7468D09FECF9EA1F752141DC50844514AE88899B0532
staged_v4.6.23\HierarchicalModified.new.exe	42496	DFD43FA5A494B29D1425683ED7D5AD3F8B68A064FB65FD94418F45EE328E196B
staged_v4.6.23\HierarchicalPlaybackTests.cs	14503	BBBD77BD20F8E8E2A58C3F278CA6BD30875A0CC6763B043B71BB95A00ADD1016
staged_v4.6.23\MODIFIED_FILE.dll.disabled	376832	A8C973A94E589733137B221BDA1CB6E1B26457DBCAF1CD7C4E81DFFE9882C1EF
staged_v4.6.23\modified_source\Quest3TriggerUI.cs	26969	C6231863543720C88575BDFA6DB87271ACFFC8C70461AE8ED47C711A45D1DC86
staged_v4.6.23\modified_source\ScenePlaybackFlow.cs	53181	AE2B492F1BE66CCE71BC3C2FE2D688B4A3F0AF2DD5F2B27171407DF493195FCB
staged_v4.6.23\modified_source\VrKeyboardOverlay.cs	57540	B39C26EDA40680EF7800A29548FDD2B5097A2F09B8EE9913DF5D6DAEA641B1CB
staged_v4.6.23\modified_source\VrRadialMenu.cs	21986	97CEC9C850A6FC150FE2DCDB17CF5C2970C50A70450F759E8F669BB749DFC134
staged_v4.6.23\original_source\Quest3TriggerUI.cs	26619	A3ECD3439755DEC284A3CB0CC225261995EC23DC8693DFAA062D112A87E7F2B6
staged_v4.6.23\original_source\ScenePlaybackFlow.cs	38318	2365981FBD26702C194ABEC1B5C091FA9529DFD3E5D96C4CD407CE27B2BF308B
staged_v4.6.23\ORIGINAL.dll.disabled	376832	24C53C15FA5807FE0AEBD4F543E6381D493E17828756C531CE0151F40CC7CC92
staged_v4.6.23\Quest3TriggerUI.Payload.v4.6.23.dll.disabled	376832	A8C973A94E589733137B221BDA1CB6E1B26457DBCAF1CD7C4E81DFFE9882C1EF
staged_v4.6.23\ROLLBACK.sh	1149	5769299671EC60FF2B6A330D4559B7464D0400763469BD82F4DDFDB37425E24B
staged_v4.6.23\run_modified_new.log	265	89030FC7B06C626932792BF9B9CD33BE553666CB71F7D094DF172BCDD370046C
staged_v4.6.23\RuntimeStubs.cs	3405	843699455D4E4613A49A4EA67483E74E9D94F6CF9C7AB361A911EB8E922F9BB1
staged_v4.6.23\story_cmd.log	79	3D9F5C9EC297847FA5AF26F1C39ACE8AD4CDCB6BA1F910FE37C723F949F33911
staged_v4.6.23\story_run.log	82	5A17F4B13137DB2D39786F28966EB3E887D038C6BEEBF4FB08F538E8BE96D5B0
staged_v4.6.23\StoryHierarchyTests.cs	7381	BFAD6B260BFF4352F9A828D4C8B18AC72CFA2AE12E1E42CC05FA9F24400B4736
staged_v4.6.23\StoryHierarchyTests.exe	37376	3F939C7E390E667885699EB23EC281C2ABAF755831BDB86A08000206C8A27A4D
staged_v4.6.24\actual_hierarchy_probe.exe	44544	123A4761A524B807860C457C91BCAA2A253E4EABFC42C61F1B04AE5638052B86
staged_v4.6.24\assembly_load.log	494	A65BDF63E256782CD62A44FE9B8BA9759B24BBEB25278FD0112AF50223FE2E16
staged_v4.6.24\baseline_playback_test.exe	37376	6666CBCC88C226FD4C81681DF7F1585AC69EDC5040007063764EE79F1EA918E4
staged_v4.6.24\compile_actual_probe.log	76856	E05383C79FEB4157BB63B75F76B60F2C90002BDB17858DA12617EE686644732D
staged_v4.6.24\compile_payload_v4.6.24_v35.log	1135	5498AB1784C4C9241EFF3BBEA537D16BCE80955BF97C75248900D61A88B321E9
staged_v4.6.24\compile_payload_v4.6.24_v35b.log	226	5F7E8A381DE90FD3CAD8669A050E69B78252E99899B193CB5FF164F0BF151567
staged_v4.6.24\compile_payload_v4.6.24.log	1309	92BC4988F99D3207760CAF75F17912F93170A160B0430E830AE4593530444060
staged_v4.6.24\compile_v4.6.24.rsp	2230	581979CAC4205902B960669445B734E99458CD07B7D90BADB00D0FFEABA15754
staged_v4.6.24\compile_v4.6.24.rsp2	2219	1269402F4D9F5065BB437641E9B41D2A5449DE985E0A45EF7393A1CF2E42CD1D
staged_v4.6.24\DIFF_FILE.patch	4045	160C10D6E6A6E5410B90D469ABA5930069ACBFB22309354B860572389A494605
staged_v4.6.24\HierarchicalActualProbe_v4.6.24.exe	44544	123A4761A524B807860C457C91BCAA2A253E4EABFC42C61F1B04AE5638052B86
staged_v4.6.24\MODIFIED_FILE.dll.disabled	380928	AE03C3148670113224EAAD7CE39847241B94CF51214762ED0D6211BC15F2A424
staged_v4.6.24\modified_playback_test.exe	42496	DFD43FA5A494B29D1425683ED7D5AD3F8B68A064FB65FD94418F45EE328E196B
staged_v4.6.24\modified_source\Quest3TriggerUI.cs	26969	4FD748B7AA6993CE55053DAAC12BD1C54F33E8A37C6BDDD68D6319709728F47F
staged_v4.6.24\modified_source\ScenePlaybackFlow.cs	52649	C97F179BA275B0C6466DDA3E784A84CFABC213BBC69BAD5FDCA48416E5FB252B
staged_v4.6.24\original_source\Quest3TriggerUI.cs	26969	C6231863543720C88575BDFA6DB87271ACFFC8C70461AE8ED47C711A45D1DC86
staged_v4.6.24\original_source\ScenePlaybackFlow.cs	53181	AE2B492F1BE66CCE71BC3C2FE2D688B4A3F0AF2DD5F2B27171407DF493195FCB
staged_v4.6.24\ORIGINAL.dll.disabled	376832	A8C973A94E589733137B221BDA1CB6E1B26457DBCAF1CD7C4E81DFFE9882C1EF
staged_v4.6.24\Quest3TriggerUI.Payload.v4.6.24.dll.disabled	380928	AE03C3148670113224EAAD7CE39847241B94CF51214762ED0D6211BC15F2A424
staged_v4.6.24\rollback_test_v4.6.24\payload\Quest3TriggerUI.Payload.restored.dll.disabled	376832	A8C973A94E589733137B221BDA1CB6E1B26457DBCAF1CD7C4E81DFFE9882C1EF
staged_v4.6.24\rollback_test_v4.6.24\source\ScenePlaybackFlow.cs	53181	AE2B492F1BE66CCE71BC3C2FE2D688B4A3F0AF2DD5F2B27171407DF493195FCB
staged_v4.6.24\ROLLBACK.sh	1151	16C17BA42938086B1F501FE8A3BB5A4ED268CA2184CB21A9B7F46886F8496A38
staged_v4.6.24\VERIFICATION.txt	3984	1F8C2D3F743517BDD7BB11E2C54DC5DDC5FF3B478E5CCFDC8546E08C66DA2F41
staged_v4.6.25\baseline.exe	49152	B01F1DDAC6F4332A9C70548FC36B0257764EED31C3373B11A0F18355C5D2CA0E
staged_v4.6.25\compile.rsp	2281	C22CA78EE4283B3897D01455581396F95015E5470A7BD6048123CFC581740512
staged_v4.6.25\DIFF_FILE.patch	8796	D70D45DDFF70230743B89D393CC3EB6F58AB44A5E1B0E5EE120D04334CF14F89
staged_v4.6.25\MODIFIED_FILE.dll.disabled	380928	84DFEEDF6B29E36DBBB6A95CAF48C77D1E757137223FA7ED84129011FB089636
staged_v4.6.25\modified_source\Quest3TriggerUI.cs	26971	13742B7D662AAA98470819FB06C7B3D19B4643F7F6F0834899600E1BE9ED4885
staged_v4.6.25\modified_source\ScenePlaybackFlow.cs	57288	80F80BAD4120E58D07DD10D5EDE6BEE80109677E555F0725A8BB3C525161CE21
staged_v4.6.25\modified.exe	53248	B395C5CBCD186625C6ABCB90CD04E379DFDA45E37052B21CAA586DAE37124498
staged_v4.6.25\numbered.exe	53248	0F1ABE6424A290EB615A363366D159412EB00D07758B5E70347028DD4479B4BF
staged_v4.6.25\original_source\Quest3TriggerUI.cs	26969	4FD748B7AA6993CE55053DAAC12BD1C54F33E8A37C6BDDD68D6319709728F47F
staged_v4.6.25\original_source\ScenePlaybackFlow.cs	52649	C97F179BA275B0C6466DDA3E784A84CFABC213BBC69BAD5FDCA48416E5FB252B
staged_v4.6.25\ORIGINAL.dll.disabled	380928	AE03C3148670113224EAAD7CE39847241B94CF51214762ED0D6211BC15F2A424
staged_v4.6.25\Quest3TriggerUI.Payload.v4.6.25.dll.disabled	380928	84DFEEDF6B29E36DBBB6A95CAF48C77D1E757137223FA7ED84129011FB089636
staged_v4.6.25\rollback_test\Quest3TriggerUI.cs	26969	4FD748B7AA6993CE55053DAAC12BD1C54F33E8A37C6BDDD68D6319709728F47F
staged_v4.6.25\rollback_test\Quest3TriggerUI.payload.dll.disabled	380928	AE03C3148670113224EAAD7CE39847241B94CF51214762ED0D6211BC15F2A424
staged_v4.6.25\rollback_test\ScenePlaybackFlow.cs	52649	C97F179BA275B0C6466DDA3E784A84CFABC213BBC69BAD5FDCA48416E5FB252B
staged_v4.6.25\rollback.exe	49152	0DA5DEF7883DFA4BB5A3115D155B9AD5E4FED3B24CBC09611F9A32FC6FDD49DB
staged_v4.6.25\ROLLBACK.sh	550	C8B1FFB83C241EAA2B39B6503CE449E1B6E5B963AB95BDD655C6F3661A67150C
staged_v4.6.25\RuntimeStubs.cs	3427	060969430A52D56FD35B83908F1465A95B8B8354A5E7E352AF386B79DFC0B4D1
staged_v4.6.25\StageTests.cs	4288	66B4078F05B89E3B1B1F9C9E61CA207F3E051681BEF80EB5C878DD364B9F05E4
staged_v4.6.25\VERIFICATION.txt	4542	BE3BADF2B84174888989030502517FDA85B42751E7C08DEA581FFBAF2B6FDFAF
staged_v4.6.26\compile.rsp	2450	A7DE451BA81B9DC5FCE5D844E365A76C59EDCC4E32FC7967708265FD2E663B37
staged_v4.6.26\DIFF_FILE.patch	33257	9B9346546AD0F890E93C992670F32FD0670EFFAB66FA345F30E03A2C49B2B88B
staged_v4.6.26\MODIFIED_FILE.dll.disabled	389120	2C824E914B176E8D1F51256D506B91A6070C9142DE8A7712068E0C3DEC805DBD
staged_v4.6.26\modified_source\Quest3TriggerUI.cs	27887	8E30FCA13A786EF35BDE358CACB2944A57EF9DF188707BC664C7BAEAD4CE1172
staged_v4.6.26\modified_source\VrKeyboardOverlay.cs	57926	AE5EF62437AC81CDA0BD042518BBADB153B5E8253A2B38C234BEA7F9DFB19821
staged_v4.6.26\modified_source\VrPinnedActionTiles.cs	10841	E8715CB3D210600D22A616042A062C48607C49A7A2A01AE4E75CA7F15299716F
staged_v4.6.26\modified_source\VrRadialMenu.cs	25022	B30BCF208D7C6BA65AD5653BF30DC047ED41BD8C1EA72D160776179315C1FE5D
staged_v4.6.26\original_source\Quest3TriggerUI.cs	26971	13742B7D662AAA98470819FB06C7B3D19B4643F7F6F0834899600E1BE9ED4885
staged_v4.6.26\original_source\VrKeyboardOverlay.cs	57540	B39C26EDA40680EF7800A29548FDD2B5097A2F09B8EE9913DF5D6DAEA641B1CB
staged_v4.6.26\original_source\VrRadialMenu.cs	21986	97CEC9C850A6FC150FE2DCDB17CF5C2970C50A70450F759E8F669BB749DFC134
staged_v4.6.26\ORIGINAL.dll.disabled	380928	84DFEEDF6B29E36DBBB6A95CAF48C77D1E757137223FA7ED84129011FB089636
staged_v4.6.26\PinnedTileContractTests.ps1	1497	7B726EF04976974D182DD0602B24703D0C1A063176BFBBC10FC1B8B88201AEB7
staged_v4.6.26\Quest3TriggerUI.Payload.v4.6.26.dll.disabled	389120	2C824E914B176E8D1F51256D506B91A6070C9142DE8A7712068E0C3DEC805DBD
staged_v4.6.26\rollback_test\Quest3TriggerUI.payload.dll.disabled	380928	84DFEEDF6B29E36DBBB6A95CAF48C77D1E757137223FA7ED84129011FB089636
staged_v4.6.26\rollback_test\source\Quest3TriggerUI.cs	26971	13742B7D662AAA98470819FB06C7B3D19B4643F7F6F0834899600E1BE9ED4885
staged_v4.6.26\rollback_test\source\VrKeyboardOverlay.cs	57540	B39C26EDA40680EF7800A29548FDD2B5097A2F09B8EE9913DF5D6DAEA641B1CB
staged_v4.6.26\rollback_test\source\VrRadialMenu.cs	21986	97CEC9C850A6FC150FE2DCDB17CF5C2970C50A70450F759E8F669BB749DFC134
staged_v4.6.26\ROLLBACK.sh	728	38D9D8288916EBF0A4A2FE41CBFE5DDE14347B71DAFFE997BA64F8F415DC1755
staged_v4.6.26\VERIFICATION.txt	4380	342342D00549DBEF434281C3FA6542BD01FBE857612B9A4E8BE16061259358C4
staged_v4.6.27\compile.rsp	2450	8AD6A706E8222D150F263DB8C3F719543CDB448796874FEE85049DC854789D3E
staged_v4.6.27\DIFF_FILE.patch	3363	E0C1C66C32E1056C3CA8D61D9804FD993EE98BA1FE9558A1CA6D26F0F8B14CDB
staged_v4.6.27\MODIFIED_FILE.dll.disabled	389120	27C3490F1794AC392F54708A537F133AB30947DB3B25DCF9E5C1ADB5CED8EF2A
staged_v4.6.27\modified_source\Quest3TriggerUI.cs	27887	8AC0AAC88DF05C65B883059351A84924104D400CCD01E5E641F891C60AAEBEE4
staged_v4.6.27\modified_source\VrKeyboardOverlay.cs	57926	AE5EF62437AC81CDA0BD042518BBADB153B5E8253A2B38C234BEA7F9DFB19821
staged_v4.6.27\modified_source\VrPinnedActionTiles.cs	10841	E8715CB3D210600D22A616042A062C48607C49A7A2A01AE4E75CA7F15299716F
staged_v4.6.27\modified_source\VrRadialMenu.cs	25418	4D38ABBE8C0CE575A3A1F2285E249E646B41B6F8B277E7D6E9BF2734D071D971
staged_v4.6.27\original_source\Quest3TriggerUI.cs	27887	8E30FCA13A786EF35BDE358CACB2944A57EF9DF188707BC664C7BAEAD4CE1172
staged_v4.6.27\original_source\VrKeyboardOverlay.cs	57926	AE5EF62437AC81CDA0BD042518BBADB153B5E8253A2B38C234BEA7F9DFB19821
staged_v4.6.27\original_source\VrPinnedActionTiles.cs	10841	E8715CB3D210600D22A616042A062C48607C49A7A2A01AE4E75CA7F15299716F
staged_v4.6.27\original_source\VrRadialMenu.cs	25022	B30BCF208D7C6BA65AD5653BF30DC047ED41BD8C1EA72D160776179315C1FE5D
staged_v4.6.27\ORIGINAL.dll.disabled	389120	2C824E914B176E8D1F51256D506B91A6070C9142DE8A7712068E0C3DEC805DBD
staged_v4.6.27\Quest3TriggerUI.Payload.v4.6.27.dll.disabled	389120	27C3490F1794AC392F54708A537F133AB30947DB3B25DCF9E5C1ADB5CED8EF2A
staged_v4.6.27\rollback_test\Quest3TriggerUI.cs	27887	8E30FCA13A786EF35BDE358CACB2944A57EF9DF188707BC664C7BAEAD4CE1172
staged_v4.6.27\rollback_test\Quest3TriggerUI.payload.dll.disabled	389120	2C824E914B176E8D1F51256D506B91A6070C9142DE8A7712068E0C3DEC805DBD
staged_v4.6.27\rollback_test\VrKeyboardOverlay.cs	57926	AE5EF62437AC81CDA0BD042518BBADB153B5E8253A2B38C234BEA7F9DFB19821
staged_v4.6.27\rollback_test\VrPinnedActionTiles.cs	10841	E8715CB3D210600D22A616042A062C48607C49A7A2A01AE4E75CA7F15299716F
staged_v4.6.27\rollback_test\VrRadialMenu.cs	25022	B30BCF208D7C6BA65AD5653BF30DC047ED41BD8C1EA72D160776179315C1FE5D
staged_v4.6.27\ROLLBACK.sh	435	0095AC527F2AEF7ECD2666AEB7DAA21AAB0F110B2C7F528655FC3425BF94ED43
staged_v4.6.27\root_before\Quest3TriggerUI.cs	27887	8E30FCA13A786EF35BDE358CACB2944A57EF9DF188707BC664C7BAEAD4CE1172
staged_v4.6.27\root_before\VrKeyboardOverlay.cs	57540	B39C26EDA40680EF7800A29548FDD2B5097A2F09B8EE9913DF5D6DAEA641B1CB
staged_v4.6.27\root_before\VrPinnedActionTiles.cs	10841	E8715CB3D210600D22A616042A062C48607C49A7A2A01AE4E75CA7F15299716F
staged_v4.6.27\root_before\VrRadialMenu.cs	21986	97CEC9C850A6FC150FE2DCDB17CF5C2970C50A70450F759E8F669BB749DFC134
staged_v4.6.27\TestCenter.ps1	625	5DD45F3220DED9A463433DFC506C7DAB72A344F13CB7CE6039A4B22439F7799F
staged_v4.6.27\VERIFICATION.txt	3398	1931893ACB44155D7F3334111862F4D99CE29391C55BEB736C6E6A9C159B6928
staged_v4.6.28\andy.scene.json	25115598	BFDB064619BF84344576C3977BF6801F6EF82C25F0C2A94287861C3D32363CC6
staged_v4.6.28\compile.rsp	2450	33183C623C7F86D1C7651B5FE1AE639246573690989A681CA9D0E0B788619183
staged_v4.6.28\DIFF_FILE.patch	18849	0D4B6DF9AA844835843E4FB8E70BFC394CE07F4794D3AA40C909C0202B7CEE01
staged_v4.6.28\MODIFIED_FILE.dll.disabled	393216	23AB6D196621D48159A7A64706AFE1D8C0B208CFD4DDC4F212F15A1CBCFBE3B8
staged_v4.6.28\modified_source\Quest3TriggerUI.cs	27887	B0756AAB3672E18D93FD6DFF0BC494D8D42788DB39184DAA34742DB9CE618B1C
staged_v4.6.28\modified_source\ScenePlaybackFlow.cs	60328	856FF0E1BD0AA974A558A4C205C2071CDCBA53E0DB25C7ED30C50F50ACD32017
staged_v4.6.28\modified_source\VrPinnedActionTiles.cs	13563	32EE4074C0B4BABAF612DB61CBDF3467B36EB53DDE1B437CD9EF6EA719B664A7
staged_v4.6.28\modified.exe	53248	ABAB9E461729C6557FE4DA0A0144A81DB395E61EE82F3FF32DF48874CE06FD8D
staged_v4.6.28\numbered.exe	53248	EAD8E0E6BDCFDE0D2B644A549AA96AB9E264CB6A5533704DECAFC84A72C32B95
staged_v4.6.28\original_source\Quest3TriggerUI.cs	27887	8AC0AAC88DF05C65B883059351A84924104D400CCD01E5E641F891C60AAEBEE4
staged_v4.6.28\original_source\ScenePlaybackFlow.cs	57288	80F80BAD4120E58D07DD10D5EDE6BEE80109677E555F0725A8BB3C525161CE21
staged_v4.6.28\original_source\VrPinnedActionTiles.cs	10841	E8715CB3D210600D22A616042A062C48607C49A7A2A01AE4E75CA7F15299716F
staged_v4.6.28\ORIGINAL.dll.disabled	389120	27C3490F1794AC392F54708A537F133AB30947DB3B25DCF9E5C1ADB5CED8EF2A
staged_v4.6.28\original.exe	53248	2BDEABAB879C5E7FA0319920D2432EF100C1FD813A2481EB60672112F250B1B3
staged_v4.6.28\Quest3TriggerUI.Payload.v4.6.28.dll.disabled	393216	23AB6D196621D48159A7A64706AFE1D8C0B208CFD4DDC4F212F15A1CBCFBE3B8
staged_v4.6.28\rollback_test\Quest3TriggerUI.cs	27887	8AC0AAC88DF05C65B883059351A84924104D400CCD01E5E641F891C60AAEBEE4
staged_v4.6.28\rollback_test\Quest3TriggerUI.payload.dll.disabled	389120	27C3490F1794AC392F54708A537F133AB30947DB3B25DCF9E5C1ADB5CED8EF2A
staged_v4.6.28\rollback_test\ScenePlaybackFlow.cs	57288	80F80BAD4120E58D07DD10D5EDE6BEE80109677E555F0725A8BB3C525161CE21
staged_v4.6.28\rollback_test\VrPinnedActionTiles.cs	10841	E8715CB3D210600D22A616042A062C48607C49A7A2A01AE4E75CA7F15299716F
staged_v4.6.28\ROLLBACK.sh	441	5A7B7416312EB2D44BC414748DF505A34F9918A1221C68EC15EC460504BBF93A
staged_v4.6.28\StoryTests.cs	3322	6FF9348C1D649EC5046CBE714E5FA06B3CB103D1A038BFC59EB8FE2883C81E90
staged_v4.6.28\TestTiles.ps1	2189	50A0DD505117160B8EBD6A6B1CCA6B6D1A0F8BCA7B74793034487E092E9D4E9B
staged_v4.6.28\vamstoryactions_actions.cs	26645	42F49BD506CFC17B91CC6164001EDA515B6AF006886F354FA35F70677F76DC71
staged_v4.6.28\vamstoryactions.cs	138975	D4E6A3DC13F7EB6B360F02760384CD0C7B1852239815BA8CA4E4D80F0FCF2035
staged_v4.6.28\VERIFICATION.txt	6752	66E87E50635A627112A0354E22A9B05BC64E556803827A9499A1ACCB5686CC66
staged_v4.6.29\compile.rsp	2450	3252E36AB91C3B18F7D398D2E499B9CB0D2F3AF7258DA5E247E9FFBA64947F7C
staged_v4.6.29\DIFF_FILE.patch	9431	DD24DDCAB6DEBCC68FFC3E9C4CEC1EC70F1BC834DF19F73FBA00CEBADB7ECE79
staged_v4.6.29\MODIFIED_FILE.dll.disabled	393216	9CB619199014A68CE3888476D24AB6E312B904F715F1340C9112EBAD3E1EC9B6
staged_v4.6.29\modified_source\Quest3TriggerUI.cs	27949	057B0C8718D042637E46AF5CABEFDFE3B21A3B3774F0F820293AE53A69D38FE8
staged_v4.6.29\modified_source\VrPinnedActionTiles.cs	14282	B1E7622B1BEA58985864E5D82739F60B25341DE517021ADA3606F4B2542BDCF6
staged_v4.6.29\original_source\Quest3TriggerUI.cs	27887	B0756AAB3672E18D93FD6DFF0BC494D8D42788DB39184DAA34742DB9CE618B1C
staged_v4.6.29\original_source\VrPinnedActionTiles.cs	13563	32EE4074C0B4BABAF612DB61CBDF3467B36EB53DDE1B437CD9EF6EA719B664A7
staged_v4.6.29\ORIGINAL.dll.disabled	393216	23AB6D196621D48159A7A64706AFE1D8C0B208CFD4DDC4F212F15A1CBCFBE3B8
staged_v4.6.29\Quest3TriggerUI.Payload.v4.6.29.dll.disabled	393216	9CB619199014A68CE3888476D24AB6E312B904F715F1340C9112EBAD3E1EC9B6
staged_v4.6.29\rollback_test\Quest3TriggerUI.cs	27887	B0756AAB3672E18D93FD6DFF0BC494D8D42788DB39184DAA34742DB9CE618B1C
staged_v4.6.29\rollback_test\Quest3TriggerUI.payload.dll.disabled	393216	23AB6D196621D48159A7A64706AFE1D8C0B208CFD4DDC4F212F15A1CBCFBE3B8
staged_v4.6.29\rollback_test\VrPinnedActionTiles.cs	13563	32EE4074C0B4BABAF612DB61CBDF3467B36EB53DDE1B437CD9EF6EA719B664A7
staged_v4.6.29\ROLLBACK.sh	441	5A7B7416312EB2D44BC414748DF505A34F9918A1221C68EC15EC460504BBF93A
staged_v4.6.29\TestSurface.ps1	444	92D17E64EFC72FD9EBA67DE1E2C00CA44C99D26FCA3B153A863966A7322A1769
staged_v4.6.29\VERIFICATION.txt	3085	44E5537DB152FC1A75944105BD96A5A46AF6ADF9BA74948C7F453EC82FD912C9
staged_v4.6.3\compile_v4.6.3.rsp	1960	630A2F28C692640B67ABED60C8B99001C7267D61FD7CC2AF0E51F4115D6BED65
staged_v4.6.3\DIFF_FILE.v4.6.3.patch	11001	C8D258FF39864DCAC8003644D080A41A49A99093F476221F9E61D8CEA5691C95
staged_v4.6.3\MODIFIED_FILE.v4.6.3.dll.disabled	348160	73748076950ABCE87B0EF32B7342337C06257186EB6B5CDB61CA9B4982F89C62
staged_v4.6.3\original_source\Quest3TriggerUI.cs	26235	F0AFED190C97D5160B6C5B15284C080148F08D83927A5AB5AACC0E60018E4A80
staged_v4.6.3\original_source\SceneQuickActions.cs	48243	A537E81F17A75A53218F9FF75BFB480BC7B6B3E2F499903285481443C295A0F9
staged_v4.6.3\original_source\VrKeyboardOverlay.cs	47331	D99E81045A8479C196360BE67E5575CB535BEF82C9C55FEA5DC19895CF30D1C4
staged_v4.6.3\ORIGINAL_v4.6.2.payload.dll.disabled	344064	AD44FE0FD0190543FE2BA2FC1B98B0307E7DD18F77211E83A4EBE36D4C05D61B
staged_v4.6.3\Quest3TriggerUI.Payload.v4.6.3.dll.disabled	348160	73748076950ABCE87B0EF32B7342337C06257186EB6B5CDB61CA9B4982F89C62
staged_v4.6.3\rollback_test_v4_6_3\Quest3TriggerUI.cs	26235	F0AFED190C97D5160B6C5B15284C080148F08D83927A5AB5AACC0E60018E4A80
staged_v4.6.3\rollback_test_v4_6_3\Quest3TriggerUI.payload.dll.disabled	344064	AD44FE0FD0190543FE2BA2FC1B98B0307E7DD18F77211E83A4EBE36D4C05D61B
staged_v4.6.3\rollback_test_v4_6_3\SceneQuickActions.cs	48243	A537E81F17A75A53218F9FF75BFB480BC7B6B3E2F499903285481443C295A0F9
staged_v4.6.3\rollback_test_v4_6_3\VrKeyboardOverlay.cs	47331	D99E81045A8479C196360BE67E5575CB535BEF82C9C55FEA5DC19895CF30D1C4
staged_v4.6.3\ROLLBACK.sh	648	E2F3C54ABA6E64807E34940FD9AFDEDB09D2659C18F8E91961D7B4B150AD0F24
staged_v4.6.3\VERIFICATION.txt	3842	A646AA717360359BFFAA39AD05569260C7402B79BA194CE45AC6A5ADC06CAFC9
staged_v4.6.3\VERIFY_BASELINE.ps1	961	9DCE3BBFC886781762716C7DB5B0C1F6EE17F121464FDFB34B4369F69C6DDDD1
staged_v4.6.3\VERIFY_MODIFIED.ps1	1969	6EE1C1D5A13BE302C96C23F0B44F0529518E0056289D461B665007CEE288B0DD
staged_v4.6.3\VERIFY_ROLLBACK.ps1	1890	6DC396B047F50647AA0B944F87C177AC194144D32DC978ACA582401F69E72782
staged_v4.6.30\baseline_fixture\Quest3TriggerUI.pinned-tiles.txt	34	9CACFAFAF3E09EF8AA122C77867D2925220DD39283158E0B1D598D311CD24ECD
staged_v4.6.30\baseline-result.txt	745	5C1671885E265CB48B92BB05C6CF49103348D6F803B7ABFA8E4C15B64BDC6852
staged_v4.6.30\BaselineTests.exe	36864	0108ECF1885754DD440763B4609CFEE3AC476318219EEC5188395AE00D62CE7E
staged_v4.6.30\compile.rsp	2450	C7103143778FEB90A88493182C1EC32F9EB1C99FECF0349C37DCC8F69429BEEA
staged_v4.6.30\DIFF_FILE.patch	16691	7E5608028AE81D8ACDBC15F86CE8525A7B454D1DA2E055024C11EA248F1BCC9D
staged_v4.6.30\LifecycleTests.cs	14154	27699D2E468524B5C05D03997C0E2F9C4A570D6B605E309417D1CC29B8159FAA
staged_v4.6.30\MODIFIED_FILE.dll.disabled	397312	A9F42119105A1E97CB6FC4716ED4575A15A6D599FA357FE064867161E9DE8139
staged_v4.6.30\modified_fixture\Quest3TriggerUI.pinned-tiles.txt	34	9CACFAFAF3E09EF8AA122C77867D2925220DD39283158E0B1D598D311CD24ECD
staged_v4.6.30\modified_source\Quest3TriggerUI.cs	27949	A75DE20C4962596203D1FF4287A3C814B9221758CE1A85F6198A9AF84346F97E
staged_v4.6.30\modified_source\VrPinnedActionTiles.cs	17666	E45C0D7370720CF4FDB356C63162CB1AD7EE7DC33DEAFE5FD6CFEC3DAB983A65
staged_v4.6.30\modified-result.txt	513	A93B1328419356D55FEC7A4CDCF9F29CAB19CF6529E1AD2787B7DD565A22BCAE
staged_v4.6.30\ModifiedTests.exe	36864	10392EF8FC915B79057485BD76EED4284B2CABD028B6BDC302E2BC5AF49596EB
staged_v4.6.30\ORIGINAL_FILE.dll.disabled	393216	9CB619199014A68CE3888476D24AB6E312B904F715F1340C9112EBAD3E1EC9B6
staged_v4.6.30\original_source\Quest3TriggerUI.cs	27949	057B0C8718D042637E46AF5CABEFDFE3B21A3B3774F0F820293AE53A69D38FE8
staged_v4.6.30\original_source\VrPinnedActionTiles.cs	14282	B1E7622B1BEA58985864E5D82739F60B25341DE517021ADA3606F4B2542BDCF6
staged_v4.6.30\original-layout.txt	0	E3B0C44298FC1C149AFBF4C8996FB92427AE41E4649B934CA495991B7852B855
staged_v4.6.30\Quest3TriggerUI.Payload.v4.6.30.dll.disabled	397312	A9F42119105A1E97CB6FC4716ED4575A15A6D599FA357FE064867161E9DE8139
staged_v4.6.30\restored_fixture\Quest3TriggerUI.pinned-tiles.txt	34	9CACFAFAF3E09EF8AA122C77867D2925220DD39283158E0B1D598D311CD24ECD
staged_v4.6.30\restored-result.txt	745	5C1671885E265CB48B92BB05C6CF49103348D6F803B7ABFA8E4C15B64BDC6852
staged_v4.6.30\RestoredTests.exe	36864	0B3E73F05178807B8CAF3B7C1D23F70D61FDF0016A386B5393E02A979ADBB732
staged_v4.6.30\rollback_test\payload.dll.disabled	393216	9CB619199014A68CE3888476D24AB6E312B904F715F1340C9112EBAD3E1EC9B6
staged_v4.6.30\rollback_test\Quest3TriggerUI.cs	27949	057B0C8718D042637E46AF5CABEFDFE3B21A3B3774F0F820293AE53A69D38FE8
staged_v4.6.30\rollback_test\VrPinnedActionTiles.cs	14282	B1E7622B1BEA58985864E5D82739F60B25341DE517021ADA3606F4B2542BDCF6
staged_v4.6.30\ROLLBACK.sh	1379	2407AFF51E51FBF9C4AA1E992350EC6B81D4750422EC915B92C79B850E6901D0
staged_v4.6.30\VERIFICATION.txt	6354	237C8FA41BF52E4174FEF0C932089F09963FBBC156602B386D5CA9CE16090B4E
staged_v4.6.31\baseline-result.txt	573	2CF4971734B128D71171CE00C02DB67ED1DF4BD399D371551E97F6069008BC47
staged_v4.6.31\Baseline.exe	15360	CC06C9B5DAF32DDE79393B29FE805D99C215C1A779CF5854E30A2D1DA25D769B
staged_v4.6.31\Baseline.extracted.cs	3762	5A41AD8BBA5ED02215611050EDE3263BDE284530D7935F721324BFA4741C769D
staged_v4.6.31\compile.rsp	2481	4C71FB6279042976D710D0BA67B0CE67A40A753EE2C17047922160D9DDAFF15A
staged_v4.6.31\DIFF_FILE.patch	3202	44A6C2BC43275DEDFECB041C321DDE7237D88A8B7207DB4A52FCEDAA598845A2
staged_v4.6.31\EmbodyTests.cs	7143	A0AF204979C5D31E516186FD570281875CFFD6839EBF5B2606411045DDC74731
staged_v4.6.31\evidence\AutomationModule.cs	4508	A000BFCD62773F91E9E7009C98B4973B8DEFF7811EDAAC0CA051F01CCD809236
staged_v4.6.31\evidence\Embody.cs	42246	CC169EF04225D70304ACF15DE8140E4F138008D14FBF72AAE4DE52FDE313FBA1
staged_v4.6.31\evidence\EmbodyContext.cs	4484	A88FF7DBD92C4EB70F481BF88890CB835C116E131E5DF5225517BB5A5D81E8F0
staged_v4.6.31\evidence\MainScreen.cs	5052	51CD8DBDA57FA590CF57334D319EFCF76E90EF056A508FD8DBAB1A471209A01A
staged_v4.6.31\evidence\PassengerModule.cs	18076	D7C7AC96BF70BA9BF7077857290A217660E4BF3C92FA7019F115E31E230B4423
staged_v4.6.31\evidence\plugin-counts.tsv	30	17EE57C92B4545FD4E40192A7D5C393B6CCE3F2676FE50465561FB0DAD9F5F81
staged_v4.6.31\evidence\PluginManager.il.txt	6252	017E7D68CC78AF5BA36E2D8FA97A17C1029AC2DEDA64EF435752A9A453BB1ADB
staged_v4.6.31\evidence\scene-plugin-manifest.json	2360	26FD2D841E41A40336856B272DDA48D49EB3FBDD44C8BB7543CB5912DF75D9CB
staged_v4.6.31\MODIFIED_FILE.dll.disabled	397312	193B730EC8724807BAFB27390D11045FA13B8E62903E68A825F269F5DAEC0007
staged_v4.6.31\modified_source\Quest3TriggerUI.cs	27949	0A7A57A87351483EC3A3165DAACBFEB37F2955B3FDADCFB3D4353F56713AAD50
staged_v4.6.31\modified_source\SceneQuickActions.cs	73475	28C04D97872396164927663EB56C311E5480FD5C4609B206647C76FD8883568A
staged_v4.6.31\modified-result.txt	405	B57904F7570E8DDFC1C1799B515DEB0D6EE85968674B50AA3A15FBBD5CD3CCE4
staged_v4.6.31\Modified.exe	15360	F325C9C86EA297B13FFD59C0BE5BC6BBD1B087812F5C35888E1F4D8447748A5E
staged_v4.6.31\Modified.extracted.cs	4295	94667BA16A89479C7A9EDFD97493FCA67327245E82EE9DA1C769FDDA42DF1109
staged_v4.6.31\ORIGINAL_FILE.dll.disabled	397312	A9F42119105A1E97CB6FC4716ED4575A15A6D599FA357FE064867161E9DE8139
staged_v4.6.31\original_source\Quest3TriggerUI.cs	27949	A75DE20C4962596203D1FF4287A3C814B9221758CE1A85F6198A9AF84346F97E
staged_v4.6.31\original_source\SceneQuickActions.cs	72942	7037247AFC0127033994F28D201D7E62057E6B22B64E45390FDB4FFF47B88717
staged_v4.6.31\Quest3TriggerUI.Payload.v4.6.31.dll.disabled	397312	193B730EC8724807BAFB27390D11045FA13B8E62903E68A825F269F5DAEC0007
staged_v4.6.31\restored-result.txt	573	2CF4971734B128D71171CE00C02DB67ED1DF4BD399D371551E97F6069008BC47
staged_v4.6.31\Restored.exe	15360	FC2B09E0561ECBA6DD6052173F512C8EC7F47B741261500AAD6E142541F184E6
staged_v4.6.31\Restored.extracted.cs	3762	5A41AD8BBA5ED02215611050EDE3263BDE284530D7935F721324BFA4741C769D
staged_v4.6.31\rollback_test\payload.dll.disabled	397312	A9F42119105A1E97CB6FC4716ED4575A15A6D599FA357FE064867161E9DE8139
staged_v4.6.31\rollback_test\Quest3TriggerUI.cs	27949	A75DE20C4962596203D1FF4287A3C814B9221758CE1A85F6198A9AF84346F97E
staged_v4.6.31\rollback_test\SceneQuickActions.cs	72942	7037247AFC0127033994F28D201D7E62057E6B22B64E45390FDB4FFF47B88717
staged_v4.6.31\ROLLBACK.sh	1371	C153EDFB232CED7609530D1F974DE0F0CE6572AD87429ADFBB812D7C1D3F08D1
staged_v4.6.31\TestEmbody.ps1	1461	CCDC750868C62E73F7DDDEA0F81C0679CE78C75CFA9C5C9AC9C0FE76365A3B22
staged_v4.6.31\VERIFICATION.txt	6148	1808765F1E262E6459D665FE0C5BA7375F32A8637B63BD9F49BC5EAF2F0D17AB
staged_v4.6.32\baseline-result.txt	788	A70BB132557337FC8095654CA5D2FB8E6BFB81324B41E25CD6AE14B124256D9C
staged_v4.6.32\Baseline.exe	28672	9354E84D5A2A669AD37F44CE8596FA2DA72A430B065DDB0E5C8721ABA694B22D
staged_v4.6.32\Baseline.extracted.cs	4311	68E69633165A8DAE56759270947D02ED5A513934B856D93D1D4D2F3D85BBDDD4
staged_v4.6.32\compile.rsp	2481	965EFF42A56DA79172AE992C8ECCFA3793BA415917B74637DE3D511F9CD0D13F
staged_v4.6.32\DIFF_FILE.patch	2611	5896395FB50124B44CBF65598E7F5CD765A3DEC30EB09B5CF75447DFC8C6C646
staged_v4.6.32\EmbodyTests.cs	8705	D8330550B0527619DDC1AB3ECC5445C03E8AF7DB67F8FF5D307381D2B8C58EE0
staged_v4.6.32\evidence\Embody.cslist.txt	2951	23D0EB4345F79401D190092BD07BC84F03F487521D07B2836FFC3BF3A36198EB
staged_v4.6.32\evidence\package-check.txt	60	0DD6F073DBCDB10680598B84985ED1C37F7D735E473F8F40129B4DD9B65C2655
staged_v4.6.32\evidence\plugin-counts.tsv	30	17EE57C92B4545FD4E40192A7D5C393B6CCE3F2676FE50465561FB0DAD9F5F81
staged_v4.6.32\evidence\UrlNormalization.il.txt	10597	577959BC5D7E89E1BF60CE416025714D6456B235DCD2402AC2163D8ADC069902
staged_v4.6.32\MODIFIED_FILE.dll.disabled	397312	9005259C05FBBCECB45C1812F6A41E18008D0CFE8CFA71B76A37D7DF1BABDE26
staged_v4.6.32\modified_source\Quest3TriggerUI.cs	27949	4EE4FB42A206AF42D7FE936BA59C5EA996B6CE7BCD82345929AAD887A5A96D64
staged_v4.6.32\modified_source\SceneQuickActions.cs	73951	DE4F8025CE3A1B9E4F2F2186D00A8ADFF2165F46FBDFB872DBDBE698FC9D7BFF
staged_v4.6.32\modified-result.txt	531	F9FE381BFA599088B182391F6159EB72E57F58374785A83400432E5AFBB03173
staged_v4.6.32\Modified.exe	28672	626D9393AC8B33F2505346346A6D65570E3DBA0A8BECB6A1DE02143FDD58D79D
staged_v4.6.32\Modified.extracted.cs	4787	2E50C092530D6AB343768C5D27612A738D84A5695A3EBA4B7ACE3241EDD42E67
staged_v4.6.32\ORIGINAL_FILE.dll.disabled	397312	193B730EC8724807BAFB27390D11045FA13B8E62903E68A825F269F5DAEC0007
staged_v4.6.32\original_source\Quest3TriggerUI.cs	27949	0A7A57A87351483EC3A3165DAACBFEB37F2955B3FDADCFB3D4353F56713AAD50
staged_v4.6.32\original_source\SceneQuickActions.cs	73475	28C04D97872396164927663EB56C311E5480FD5C4609B206647C76FD8883568A
staged_v4.6.32\Quest3TriggerUI.Payload.v4.6.32.dll.disabled	397312	9005259C05FBBCECB45C1812F6A41E18008D0CFE8CFA71B76A37D7DF1BABDE26
staged_v4.6.32\restored-result.txt	788	A70BB132557337FC8095654CA5D2FB8E6BFB81324B41E25CD6AE14B124256D9C
staged_v4.6.32\Restored.exe	28672	1CB900CB06276CA444271DF621B02DA1DF2625E161BD05A12D33362986B344A5
staged_v4.6.32\Restored.extracted.cs	4311	68E69633165A8DAE56759270947D02ED5A513934B856D93D1D4D2F3D85BBDDD4
staged_v4.6.32\rollback_test\payload.dll.disabled	397312	193B730EC8724807BAFB27390D11045FA13B8E62903E68A825F269F5DAEC0007
staged_v4.6.32\rollback_test\Quest3TriggerUI.cs	27949	0A7A57A87351483EC3A3165DAACBFEB37F2955B3FDADCFB3D4353F56713AAD50
staged_v4.6.32\rollback_test\SceneQuickActions.cs	73475	28C04D97872396164927663EB56C311E5480FD5C4609B206647C76FD8883568A
staged_v4.6.32\ROLLBACK.sh	1371	23F7F8BF2FD5D9CA02E81814DAADFC3766AAAF362BEA85F52D486CD0D473FCC6
staged_v4.6.32\TestEmbody.ps1	1477	CACEF51C26C93C5C4E401F3C53DC11116AC64960FC92C45DF4F6BFA7B280E7F9
staged_v4.6.32\VERIFICATION.txt	6563	A5020C68D57D126D67FEEF826A1D28334D2335EDFEEE60B87E545FF77D36E811
staged_v4.6.33\baseline-result.txt	445	6D86644401208CE87AADE8637ED815E2A91D81CEFBEC503602015C0E8F6F71EE
staged_v4.6.33\Baseline.exe	24576	6A613B6319616B410BDB5BEB4270EA7B5411679E9A6D018AA1A4D39363EA7FAE
staged_v4.6.33\compile.rsp	2543	7D8CFEF4B39137007A73AB5254D24D353DD427DEC2F2D3B9F49B96D3FA9EEC4F
staged_v4.6.33\DIFF_FILE.patch	12892	F6140636CCD348B9DEC828104E16AE2A884EBDCBB713075C68CE5973B29676AE
staged_v4.6.33\GripPitchTests.cs	2371	800C1C66C8067A78EDEFFD1A287D1AF46E9EEA39487F9241345C700A575D1DA3
staged_v4.6.33\HarmonyPatchSmokeTests.cs	1609	6987BB1B07F4785866AFF5CC4CCED6739BCF13877D9C54BDBC19522D6470627A
staged_v4.6.33\HarmonyPatchSmokeTests.exe	5632	9FE10C6DCE2C52EE6438BD36B3F45B1FFD4907DB4869F9E31B175DD382C50155
staged_v4.6.33\MODIFIED_FILE.dll.disabled	397312	42458B29FACF7645145B1A131C12DB83D5ED602BA051A6075849F838594E6133
staged_v4.6.33\modified_source\GlobalVrPitchController.cs	4121	F1D02A2E26EA84ACE0D0D977FDA4B73A98A13FB11EEC375597681B6A9BCB7259
staged_v4.6.33\modified_source\Quest3TriggerUI.cs	29296	51E5DFF57E5DD350740E5A25F62BE7132B3D7BFE964E28CD8B25B0B3EC523510
staged_v4.6.33\modified_source\TriggerStateMachine.cs	11583	9A373A5173D092206D2D613082196341186223F14D44664554EAFDAC52EC8EA1
staged_v4.6.33\modified-result.txt	775	563521C00C36732A66D749754FA750BFB2F6F8E4424D828210ADC0EF32F12537
staged_v4.6.33\Modified.exe	15360	E33CD06B5D13E7DC88D77F6D2117C28B714FDAABFCE026FB2175EA68134D46AB
staged_v4.6.33\ORIGINAL_FILE.dll.disabled	397312	9005259C05FBBCECB45C1812F6A41E18008D0CFE8CFA71B76A37D7DF1BABDE26
staged_v4.6.33\original_source\GlobalVrPitchController.cs	3659	D10F45A36A443ED044C8737CAC0894389F7A9F964B2E65A170797611A31CE232
staged_v4.6.33\original_source\Quest3TriggerUI.cs	27949	4EE4FB42A206AF42D7FE936BA59C5EA996B6CE7BCD82345929AAD887A5A96D64
staged_v4.6.33\original_source\TriggerStateMachine.cs	10245	8924C3F0265CC26EB91F3524BC9E48227E877C20CC841F7B5C27CFA951C6F9CB
staged_v4.6.33\Quest3TriggerUI.Payload.v4.6.33.dll.disabled	397312	42458B29FACF7645145B1A131C12DB83D5ED602BA051A6075849F838594E6133
staged_v4.6.33\restored-result.txt	445	6D86644401208CE87AADE8637ED815E2A91D81CEFBEC503602015C0E8F6F71EE
staged_v4.6.33\Restored.exe	24576	EEEA0D941336102793F12EDA4523A6B7DD02A287877290A9B383C7E358411F94
staged_v4.6.33\rollback_test\GlobalVrPitchController.cs	3659	D10F45A36A443ED044C8737CAC0894389F7A9F964B2E65A170797611A31CE232
staged_v4.6.33\rollback_test\payload.dll.disabled	397312	9005259C05FBBCECB45C1812F6A41E18008D0CFE8CFA71B76A37D7DF1BABDE26
staged_v4.6.33\rollback_test\Quest3TriggerUI.cs	27949	4EE4FB42A206AF42D7FE936BA59C5EA996B6CE7BCD82345929AAD887A5A96D64
staged_v4.6.33\rollback_test\TriggerStateMachine.cs	10245	8924C3F0265CC26EB91F3524BC9E48227E877C20CC841F7B5C27CFA951C6F9CB
staged_v4.6.33\ROLLBACK.sh	1438	64869DFEA78BA189E14D121C847A822DC7F9715CB08699ACD83314CB06FBADFF
staged_v4.6.33\TestGripPitch.ps1	1669	9DC61E7B9CF8D09D9F239F57B55D8A119392F6313E19D2A6155CCFE8B1905DBF
staged_v4.6.33\trigger-baseline-result.txt	305	55739F80A5554C1E52BB836E9BE613483F580CCFF6FB64C58556A6CB1EE8819F
staged_v4.6.33\trigger-modified-result.txt	305	55739F80A5554C1E52BB836E9BE613483F580CCFF6FB64C58556A6CB1EE8819F
staged_v4.6.33\TriggerBaseline.exe	28672	81DF5C0CDA179E6E717FD1FAA80430FBB357620ED1362D77EADA56754B30EB7D
staged_v4.6.33\TriggerModified.exe	28672	0C5F629943834C7E396657AE7524C47CD4EC85B684EB3CC2E5E8CCE336C33978
staged_v4.6.33\VERIFICATION.txt	7397	2A37B07A6F6DE80F9D82D62156770E5AC64DCB3B56E770B2E7E0CD5DE8D4DEC5
staged_v4.6.34\baseline-result.txt	227	B96CCD9A876BB095AD64C725A079D70B6E488B51471A7F41B89F313FCE76D198
staged_v4.6.34\compile.rsp	2543	61522B9B4D6765C1055E78093C1D6F056DDEE29AAFD615A2E05BBB2B2CC4E712
staged_v4.6.34\DIFF_FILE.patch	3345	C90263435D4598EEBD590B9C6FB50406A9CC99398F6CE542E6AF95A5881C7E75
staged_v4.6.34\MODIFIED_FILE.dll.disabled	397312	ACF5022C32D69483038E434E45AE536D95D1FE77BEED8E342649681B95E6F0B2
staged_v4.6.34\modified_source\Quest3TriggerUI.cs	29191	8CE1147977FE1EA4BA93115106DC2EB19B9F5E857A17BD2C28B699238FF1D577
staged_v4.6.34\modified_source\VrKeyboardOverlay.cs	57700	853244A4688B41757CBB31AA0E19EC06A6027195EDADB6A31E8963960BDF6182
staged_v4.6.34\modified-result.txt	344	DDE357D4DF23890D8C281B346FF34E17A2DB020A492A7B0F3CC4D3AB80BCBBED
staged_v4.6.34\ORIGINAL_FILE.dll.disabled	397312	42458B29FACF7645145B1A131C12DB83D5ED602BA051A6075849F838594E6133
staged_v4.6.34\original_source\Quest3TriggerUI.cs	29296	51E5DFF57E5DD350740E5A25F62BE7132B3D7BFE964E28CD8B25B0B3EC523510
staged_v4.6.34\original_source\VrKeyboardOverlay.cs	57926	AE5EF62437AC81CDA0BD042518BBADB153B5E8253A2B38C234BEA7F9DFB19821
staged_v4.6.34\Quest3TriggerUI.Payload.v4.6.34.dll.disabled	397312	ACF5022C32D69483038E434E45AE536D95D1FE77BEED8E342649681B95E6F0B2
staged_v4.6.34\restored-result.txt	227	B96CCD9A876BB095AD64C725A079D70B6E488B51471A7F41B89F313FCE76D198
staged_v4.6.34\rollback_test\payload.dll.disabled	397312	42458B29FACF7645145B1A131C12DB83D5ED602BA051A6075849F838594E6133
staged_v4.6.34\rollback_test\Quest3TriggerUI.cs	29296	51E5DFF57E5DD350740E5A25F62BE7132B3D7BFE964E28CD8B25B0B3EC523510
staged_v4.6.34\rollback_test\VrKeyboardOverlay.cs	57926	AE5EF62437AC81CDA0BD042518BBADB153B5E8253A2B38C234BEA7F9DFB19821
staged_v4.6.34\ROLLBACK.sh	1614	1AF737FEAA58FF7A43BCE94EC338195F24F232BF6915A9BF5AF98B1F2F6F9E63
staged_v4.6.34\TestSoftRestartButton.ps1	1846	40024B0600CAC71EAC14ABDB8300B09DD40683F0DE6148A9F1BA5F41F2E4889A
staged_v4.6.34\VERIFICATION.txt	4801	EB05B1C6FD8A6315EC335CE2617640858CC727692375DDA7BAC64983E6F45E89
staged_v4.6.35\baseline-result.txt	137	D6E7EF19D17BF0120D0AE8077FDC7660ACD0C42A9D8BC0933F494118605E360D
staged_v4.6.35\baseline.exe	28672	C315023BFEE79243D9F18014DB8F4A1D75257BBFAA3F43020E2806FDAE88AC91
staged_v4.6.35\baseline.extracted.cs	4328	575B9FB04998BB320125645B0B496004C05705330F8845B4755F95A036F5BE53
staged_v4.6.35\compile.rsp	2543	CFDB84CCE16D8297C6DDD7AED73DFA9BFA4BA6BB39B4303C6919EAB62533795A
staged_v4.6.35\DIFF_FILE.patch	13799	577F979E334A184BF5FDDE483B74CF3C15B4D7A05BEBFB19A7EEAF813FFFFFA1
staged_v4.6.35\EmbodyActivationTests.cs	11861	E4114E92F137F4FE4DE9BDA9E07D3F9510C9867889EFE78A2259B74FA0A5B82A
staged_v4.6.35\MODIFIED_FILE.dll.disabled	401408	6A79BE11DBC67F8DEFDDD4B4ED693E10E20FEB46A2533D0CB90E8CAD6BC16EC8
staged_v4.6.35\modified_source\Quest3TriggerUI.cs	29191	6FD1AE7128B66352DD8407B374EBA3FC1B08F7A642E8BD1C9C7A9801EA14A9CE
staged_v4.6.35\modified_source\SceneQuickActions.cs	79277	AADEED41D8DBE2AD5D01508C02367EB7DCF38071787D414BDF06EEC541102865
staged_v4.6.35\modified-result.txt	377	58FDD859A96ADCBB730B7D2F287AEAEA8BC7DC2DC1AEE387FB441438F288401B
staged_v4.6.35\modified.exe	32768	E00393AF7D6BB09D13CB358911FE89AE44E73D2A7B663779653E82C6BAA8C81F
staged_v4.6.35\modified.extracted.cs	9434	2249B75305BE1410C937770B0E7B3883D9BDC6037332528CF63031B93AF2B682
staged_v4.6.35\ORIGINAL_FILE.dll.disabled	397312	ACF5022C32D69483038E434E45AE536D95D1FE77BEED8E342649681B95E6F0B2
staged_v4.6.35\original_source\Quest3TriggerUI.cs	29191	8CE1147977FE1EA4BA93115106DC2EB19B9F5E857A17BD2C28B699238FF1D577
staged_v4.6.35\original_source\SceneQuickActions.cs	73951	DE4F8025CE3A1B9E4F2F2186D00A8ADFF2165F46FBDFB872DBDBE698FC9D7BFF
staged_v4.6.35\Quest3TriggerUI.Payload.v4.6.35.dll.disabled	401408	6A79BE11DBC67F8DEFDDD4B4ED693E10E20FEB46A2533D0CB90E8CAD6BC16EC8
staged_v4.6.35\restored-result.txt	137	D6E7EF19D17BF0120D0AE8077FDC7660ACD0C42A9D8BC0933F494118605E360D
staged_v4.6.35\rollback_test\payload.dll.disabled	397312	ACF5022C32D69483038E434E45AE536D95D1FE77BEED8E342649681B95E6F0B2
staged_v4.6.35\rollback_test\Quest3TriggerUI.cs	29191	8CE1147977FE1EA4BA93115106DC2EB19B9F5E857A17BD2C28B699238FF1D577
staged_v4.6.35\rollback_test\SceneQuickActions.cs	73951	DE4F8025CE3A1B9E4F2F2186D00A8ADFF2165F46FBDFB872DBDBE698FC9D7BFF
staged_v4.6.35\ROLLBACK.sh	1643	DA4609B85DF67EEE91F1A654286513675462FC961E993217D1A8880B026C0ADB
staged_v4.6.35\TestEmbodyActivation.ps1	1994	384CDEA690AED88BE368198CF43DBAC3707F472D1774E3CB65CD0B84129D6B37
staged_v4.6.35\VERIFICATION.txt	5043	C4030572327A5B11B1B8B8FF537A7FE9BFEB3A7664DCC0401C11CD9D79D0EF9F
staged_v4.6.4\compile_v4.6.4.rsp	1962	457A4DEE130AD82D28BCE75280822EE16DD0DB058015D6C5725076F8A9EB5272
staged_v4.6.4\DIFF_FILE.v4.6.4.patch	5008	87851077C357935DA631FB09139ED4797364B502C53B075F89681F8727B4473D
staged_v4.6.4\MODIFIED_FILE.v4.6.4.dll.disabled	348160	ECB9993284850F36E6773FB1C48B72082323102823D9486BEF98591115039146
staged_v4.6.4\original_source\Quest3TriggerUI.cs	26229	ECA064379E351687CF412311B0F50A981BA81BB1BE5D9A01C9878CBA3439F551
staged_v4.6.4\original_source\SceneQuickActions.cs	55136	539BEF5ADD91F156CE440046B6ED0C32C44D38C6562ABC98A08A20DEBF85878E
staged_v4.6.4\original_source\VrKeyboardOverlay.cs	47586	659024C6A2A8DAD9FCBA7F5ECF3C6126B4A302E2A50E32E4C1A3F574EAFEE578
staged_v4.6.4\ORIGINAL_v4.6.3.payload.dll.disabled	348160	73748076950ABCE87B0EF32B7342337C06257186EB6B5CDB61CA9B4982F89C62
staged_v4.6.4\Quest3TriggerUI.Payload.v4.6.4.dll.disabled	348160	ECB9993284850F36E6773FB1C48B72082323102823D9486BEF98591115039146
staged_v4.6.4\rollback_test_v4_6_4\Quest3TriggerUI.cs	26229	ECA064379E351687CF412311B0F50A981BA81BB1BE5D9A01C9878CBA3439F551
staged_v4.6.4\rollback_test_v4_6_4\Quest3TriggerUI.payload.dll.disabled	348160	73748076950ABCE87B0EF32B7342337C06257186EB6B5CDB61CA9B4982F89C62
staged_v4.6.4\rollback_test_v4_6_4\SceneQuickActions.cs	55136	539BEF5ADD91F156CE440046B6ED0C32C44D38C6562ABC98A08A20DEBF85878E
staged_v4.6.4\rollback_test_v4_6_4\VrKeyboardOverlay.cs	47586	659024C6A2A8DAD9FCBA7F5ECF3C6126B4A302E2A50E32E4C1A3F574EAFEE578
staged_v4.6.4\ROLLBACK.sh	676	85AB26630D6A796B33814FDB171F543236183857011B5AA6B3D554B3C0C44BEC
staged_v4.6.4\UIAssist93.GameControlUI.reference.cs	214124	5C5835BA4C3490B9E70B273D7C850B9E5C720B635D3E21246B6937117638040B
staged_v4.6.4\VERIFICATION.txt	4367	8095629DE67D2A3855ED60D9A1524211F825742655DF26626A13D12E613906F4
staged_v4.6.4\VERIFY_BASELINE.ps1	941	8A48CB81E305E24FA07E3701E2FD0BDE50BB59F250A9E65630E4F4F8D0972A28
staged_v4.6.4\VERIFY_MODIFIED.ps1	1916	3EA087CD6BA244FE5C305F793C0BB1078097FC52EDCC4E21DB6C521B3533FD73
staged_v4.6.4\VERIFY_ROLLBACK.ps1	1750	4431F3925E6ABB5CCAC43EDAD98D9CA6A40AC442A9C50CD3A9F7AB121CE8F0B7
staged_v4.6.5\compile_v4.6.5.rsp	1964	C83EE1469901BE356F6B76D878119533186E348D0E71F7999609407C00000511
staged_v4.6.5\DIFF_FILE.v4.6.5.patch	2806	3ABA2EE5D51CDD929D93377B807E42F98A7D3F8236495D676775C94D9AA21D39
staged_v4.6.5\MODIFIED_FILE.v4.6.5.dll.disabled	348160	609DD14BFE68F9840FB5AEE6A6A93F4B48F484BB071F522CDF6DE9828B0348B0
staged_v4.6.5\original_source\Quest3TriggerUI.cs	26248	1A193DCD7ED8E6F7D2B01A11F675807C5C50F73B70CD68837743E59AA251CA05
staged_v4.6.5\original_source\SceneQuickActions.cs	55070	76F8F001CD0B5BC70E4C4584BC4B2E8C1AEB57511B158F0E89E94270C2B849ED
staged_v4.6.5\original_source\VrKeyboardOverlay.cs	47586	659024C6A2A8DAD9FCBA7F5ECF3C6126B4A302E2A50E32E4C1A3F574EAFEE578
staged_v4.6.5\ORIGINAL_v4.6.4.payload.dll.disabled	348160	ECB9993284850F36E6773FB1C48B72082323102823D9486BEF98591115039146
staged_v4.6.5\Quest3TriggerUI.Payload.v4.6.5.dll.disabled	348160	609DD14BFE68F9840FB5AEE6A6A93F4B48F484BB071F522CDF6DE9828B0348B0
staged_v4.6.5\rollback_test_v4_6_5\Quest3TriggerUI.cs	26248	1A193DCD7ED8E6F7D2B01A11F675807C5C50F73B70CD68837743E59AA251CA05
staged_v4.6.5\rollback_test_v4_6_5\Quest3TriggerUI.payload.dll.disabled	348160	ECB9993284850F36E6773FB1C48B72082323102823D9486BEF98591115039146
staged_v4.6.5\rollback_test_v4_6_5\SceneQuickActions.cs	55070	76F8F001CD0B5BC70E4C4584BC4B2E8C1AEB57511B158F0E89E94270C2B849ED
staged_v4.6.5\rollback_test_v4_6_5\VrKeyboardOverlay.cs	47586	659024C6A2A8DAD9FCBA7F5ECF3C6126B4A302E2A50E32E4C1A3F574EAFEE578
staged_v4.6.5\ROLLBACK.sh	649	54664B09EB9ADFE92545B579715902792B1447C8514E71791DB5420C27D71FB1
staged_v4.6.5\VERIFICATION.txt	3663	6FAF1772E8D44334004FE915363E0E334237A9EA946F91E063BC0947CB6DE30C
staged_v4.6.5\VERIFY_BASELINE.ps1	923	91003B0444915891C2B9D6A99B5268ECE741651E09C2C064B8ACE28A20C7FA78
staged_v4.6.5\VERIFY_MODIFIED.ps1	1644	8428A7DFB8A6E7C54C0D4FFC262CA8FB38D7C541B8FB2F3892A3E0740D63B881
staged_v4.6.5\VERIFY_ROLLBACK.ps1	1598	9FA1CBB88FED024F7B97DD34063A1BABAEB1777296D8A3CB9699626170ADC3F9
staged_v4.6.6\compile_v4.6.6.rsp	1966	92EF51AA6043C3874BC417B9D9939DE419C624C92B1C28A828BDD6D0503485D5
staged_v4.6.6\DIFF_FILE.v4.6.6.patch	18122	9409BD8F0B9DB02664EE93BD779C58C8232E13682AE0F991D790636BDDD776A5
staged_v4.6.6\MODIFIED_FILE.v4.6.6.dll.disabled	348160	5CEF344CBA344CFE76741885ECA7702BB9481EB801CDA619FEDDEA0DCCC74623
staged_v4.6.6\original_source\Quest3TriggerUI.cs	26295	5E1310F006AFC0497C93325C13CAC9863FF148F36FAD6DBE9DC4030850547D95
staged_v4.6.6\original_source\SceneQuickActions.cs	55398	9B4026C93717DC15CB8C7D07585C95F712D90A47641A242AF9277165D5FB7E85
staged_v4.6.6\original_source\VrKeyboardOverlay.cs	47586	659024C6A2A8DAD9FCBA7F5ECF3C6126B4A302E2A50E32E4C1A3F574EAFEE578
staged_v4.6.6\ORIGINAL_v4.6.5.payload.dll.disabled	348160	609DD14BFE68F9840FB5AEE6A6A93F4B48F484BB071F522CDF6DE9828B0348B0
staged_v4.6.6\rollback_test_v4_6_6\Quest3TriggerUI.cs	26295	5E1310F006AFC0497C93325C13CAC9863FF148F36FAD6DBE9DC4030850547D95
staged_v4.6.6\rollback_test_v4_6_6\Quest3TriggerUI.payload.dll.disabled	348160	609DD14BFE68F9840FB5AEE6A6A93F4B48F484BB071F522CDF6DE9828B0348B0
staged_v4.6.6\rollback_test_v4_6_6\SceneQuickActions.cs	55398	9B4026C93717DC15CB8C7D07585C95F712D90A47641A242AF9277165D5FB7E85
staged_v4.6.6\rollback_test_v4_6_6\VrKeyboardOverlay.cs	47586	659024C6A2A8DAD9FCBA7F5ECF3C6126B4A302E2A50E32E4C1A3F574EAFEE578
staged_v4.6.6\ROLLBACK.sh	662	BBE4AAEC19D0AE58D6083B5317B58EDD0665DC33AAE03C8F24FA45DBBAFB3ED7
staged_v4.6.6\uia93_full\BrowserAssistInterop.cs	84848	CE67551D74736A9818845587352CF0B40B1142C6126012E3CEDFEB4274A07968
staged_v4.6.6\uia93_full\Enums.cs	163852	A0363F4B902B0AFCDFCAA2E3B5C7A139885AC91A2995B4BE49E434D111D6B804
staged_v4.6.6\uia93_full\ExternalButtonListProvider.cs	12443	31985615BEE6636105AC907A0D40B3E5F9DD206E42ADAF3187B024C0DC2F1616
staged_v4.6.6\uia93_full\GameControlUI.cs	214124	5C5835BA4C3490B9E70B273D7C850B9E5C720B635D3E21246B6937117638040B
staged_v4.6.6\uia93_full\JSONStorableExtensions.cs	30698	C00D3337978DD607786DCF2E2A9BC7E052EFF6590C7EED40CCFB0D4A093BC317
staged_v4.6.6\uia93_full\PatreonFeatures.cs	136237	FFD3BF0D47E5CFEE716F0B776A8DCFF02550227DE801B68B11F15D2A1EABFBF3
staged_v4.6.6\uia93_full\PluginInterop.cs	14468	BE4EB2F369266715F18E35A48CA66C40BF06E1539DB09F1F3F1545451C49DAEC
staged_v4.6.6\uia93_full\PluginUI.cs	415927	1D24C02942F60BDAC5DE6362986ADE0EE2AA53A834D010275BB63CEFE81907EF
staged_v4.6.6\uia93_full\PluginUIHelp.cs	175912	C8980E0F1C579BAFA2EECD930CF819F1DD01E26A0693C60DCB822E067A1830DC
staged_v4.6.6\uia93_full\Targetting.cs	85990	152829AB7A3EB102BD5D38240537F550096B746E1B38528790F045FA3C3891C4
staged_v4.6.6\uia93_full\UIAButtonStorables.cs	552531	2035718E087249EB116812BCC09614628905443DF5798D57E5D7D86495E06C5A
staged_v4.6.6\uia93_full\UIAConsts.cs	5718	84B9AAA9BA783CD02BF671D3A89455BC4EC6E30840A48601165C716247B86FB5
staged_v4.6.6\uia93_full\UIAProfile.cs	7980	E56E23DC25CF35D573C567430F5FB478AC38B6B806196175A6E0E2D4E2725340
staged_v4.6.6\uia93_full\UIAssist.cs	23180	1C2ABDD92A44A704868C7E99250454B7AE489FE781737BACD405730616276710
staged_v4.6.6\uia93_full\UIAStorables.cs	98536	6394B6566985F426D4453C7AC94B5FF84677E3E8028EC80F2C9F44D71C545690
staged_v4.6.6\uia93_full\Utils.cs	34867	D0F0357ACD0D087007DADD217D0AB275FDED5527251A0FA2690BF31BA9C2BCA2
staged_v4.6.6\uia93_full\VAMStorablesCatalogue.cs	21949	55E1CF47BCD131179782111FBA815EB1009DF25AC53DE09F8B66A041B8AA35DC
staged_v4.6.6\VERIFY_BASELINE.ps1	1203	D5AB45E48EE5EC950EA24D9D933D61906159FF83EA9C3277FBE9CB669D3E1F17
staged_v4.6.6\VERIFY_MODIFIED.ps1	2531	09D8AB70C09BF566263FF7BABFEE5B4B63EEB910C312B2D329B66F99111825D3
staged_v4.6.6\VERIFY_ROLLBACK.ps1	1924	B2224251A1992CF02755762B2A939EFE90ADCAA40D71221F3BE655EF781135F5
staged_v4.6.7\compile_v4.6.7.rsp	1968	9BF08CD3A3408FC24088BCE699D8620D16A45A1B23C3C7B5955127F5412B8285
staged_v4.6.7\DIFF_FILE.v4.6.7.patch	18122	80D2AB98ACD3541C0D311F6C3282796AD49E4ED58811C88416681A0F930F11EB
staged_v4.6.7\MODIFIED_FILE.v4.6.7.dll.disabled	348160	9308CE47AE6862DB6A32864A733F1856407E61899691A06ACB87AB06394C85D4
staged_v4.6.7\original_source\Quest3TriggerUI.cs	26295	5E1310F006AFC0497C93325C13CAC9863FF148F36FAD6DBE9DC4030850547D95
staged_v4.6.7\original_source\SceneQuickActions.cs	55398	9B4026C93717DC15CB8C7D07585C95F712D90A47641A242AF9277165D5FB7E85
staged_v4.6.7\original_source\VrKeyboardOverlay.cs	47586	659024C6A2A8DAD9FCBA7F5ECF3C6126B4A302E2A50E32E4C1A3F574EAFEE578
staged_v4.6.7\ORIGINAL_v4.6.5.payload.dll.disabled	348160	609DD14BFE68F9840FB5AEE6A6A93F4B48F484BB071F522CDF6DE9828B0348B0
staged_v4.6.7\rollback_test_v4_6_7\Quest3TriggerUI.cs	26295	5E1310F006AFC0497C93325C13CAC9863FF148F36FAD6DBE9DC4030850547D95
staged_v4.6.7\rollback_test_v4_6_7\Quest3TriggerUI.payload.dll.disabled	348160	609DD14BFE68F9840FB5AEE6A6A93F4B48F484BB071F522CDF6DE9828B0348B0
staged_v4.6.7\rollback_test_v4_6_7\SceneQuickActions.cs	55398	9B4026C93717DC15CB8C7D07585C95F712D90A47641A242AF9277165D5FB7E85
staged_v4.6.7\rollback_test_v4_6_7\VrKeyboardOverlay.cs	47586	659024C6A2A8DAD9FCBA7F5ECF3C6126B4A302E2A50E32E4C1A3F574EAFEE578
staged_v4.6.7\ROLLBACK.sh	662	BBE4AAEC19D0AE58D6083B5317B58EDD0665DC33AAE03C8F24FA45DBBAFB3ED7
staged_v4.6.7\VERIFICATION.txt	5179	988D7D60AA9D1FD97D8F2892EA924CA795AC9344B223F17D2B99ADA1A10F778E
staged_v4.6.7\VERIFY_BASELINE.ps1	1203	560EC214F2CB7FE9F0FC14972A13A83067668DF0AC23E3E73FF56D54A5C4C0CD
staged_v4.6.7\VERIFY_MODIFIED.ps1	2531	7787A498E5FDF71B55A7ECEE76469EF9831FC5305210AA78212A92B0B2CA0112
staged_v4.6.7\VERIFY_ROLLBACK.ps1	1924	631D563FE839D3A1D7DCE35471DEB41ECA11C56872C4CC673302FA65C07BDE71
staged_v4.6.8\compile_v4.6.8.rsp	1970	28D7C8C8ED5BC54D23BFA97B873485A5D534D20EF76F8805A83ABC4FC5AA46E4
staged_v4.6.8\DIFF_FILE.v4.6.8.patch	14066	977E273D02394FE6D44E459E356C47601130E4883F30E625888ED4EF27349178
staged_v4.6.8\MODIFIED_FILE.v4.6.8.dll.disabled	352256	E95CDAD35230AB44A5DC3AC00783C3BFDABE441360E4AABE3F85FFE7D4A8BBD9
staged_v4.6.8\original_source\Quest3TriggerUI.cs	26490	BC653D7CC1D2B8E83F946C23DD926CDEE37C5D0D164BC09D639EE16388C4C449
staged_v4.6.8\original_source\SceneQuickActions.cs	58329	E8045C2F4E553A56A1DD33CA09C7E6FAB9CD28A0C78A0A0E45F037A5AC127BCC
staged_v4.6.8\original_source\VrKeyboardOverlay.cs	52118	B05FA43DF7D4E4954C1C5641B251D1B7D3972E1BCC5EAB28B4C0C6AA59BADF25
staged_v4.6.8\ORIGINAL_v4.6.7.payload.dll.disabled	348160	9308CE47AE6862DB6A32864A733F1856407E61899691A06ACB87AB06394C85D4
staged_v4.6.8\rollback_test_v4_6_8\Quest3TriggerUI.cs	26490	BC653D7CC1D2B8E83F946C23DD926CDEE37C5D0D164BC09D639EE16388C4C449
staged_v4.6.8\rollback_test_v4_6_8\Quest3TriggerUI.payload.dll.disabled	348160	9308CE47AE6862DB6A32864A733F1856407E61899691A06ACB87AB06394C85D4
staged_v4.6.8\rollback_test_v4_6_8\SceneQuickActions.cs	58329	E8045C2F4E553A56A1DD33CA09C7E6FAB9CD28A0C78A0A0E45F037A5AC127BCC
staged_v4.6.8\rollback_test_v4_6_8\VrKeyboardOverlay.cs	52118	B05FA43DF7D4E4954C1C5641B251D1B7D3972E1BCC5EAB28B4C0C6AA59BADF25
staged_v4.6.8\ROLLBACK.sh	657	BF7F5867FF25F54EEB67AB2BF9EAA05FA095A72965EDB44C3BF932D74F8ACEB5
staged_v4.6.8\VERIFICATION.txt	4895	FD3A6ACCC05FDD57AD15F35CA92C8AA72123D9031A0626A9F282DC795CC2D025
staged_v4.6.8\VERIFY_BASELINE.ps1	1004	80A84976348256FD8CDEB90D43A2477C2E9D726F6B1B411901678C617E4AD343
staged_v4.6.8\VERIFY_MODIFIED.ps1	2695	FD067E69850669A466A37F0289EA553E736B087A2908ABC9C40E3641505C5C39
staged_v4.6.8\VERIFY_ROLLBACK.ps1	1984	F134B3BC6D443D57AA2B5977EE700A3EBD77DC525F6BAB8D7FABF8399B3506B4
staged_v4.6.9\compile_v4.6.9.rsp	1972	60E23B9629F4822493AC8C19F7CF1FB89D205F3372B4ECED6CA483384C351AE5
staged_v4.6.9\DIFF_FILE.v4.6.9.patch	9858	F7817B6E7B1F36375B9985AC1690B47490E4D0010DFC6BC6E25B8C814FB111ED
staged_v4.6.9\MODIFIED_FILE.v4.6.9.dll.disabled	342016	A79EC1049D60366E11408D2F3C7DC9583CF9068951565F0698E4FEDBEF8784C5
staged_v4.6.9\original_source\Quest3TriggerUI.cs	26514	7013775EC46DFE9CBD91296699CC728ED31B66FF5CD9DDD1BC322EEDEC8E481A
staged_v4.6.9\original_source\SceneQuickActions.cs	62751	3FB7DE1608C7C9910F32465B92950298AC0CCD4C8924808D1AC6524F2E471BB6
staged_v4.6.9\ORIGINAL_v4.6.8.payload.dll.disabled	352256	E95CDAD35230AB44A5DC3AC00783C3BFDABE441360E4AABE3F85FFE7D4A8BBD9
staged_v4.6.9\rollback_test_v4_6_9\Quest3TriggerUI.cs	26514	7013775EC46DFE9CBD91296699CC728ED31B66FF5CD9DDD1BC322EEDEC8E481A
staged_v4.6.9\rollback_test_v4_6_9\Quest3TriggerUI.payload.dll.disabled	352256	E95CDAD35230AB44A5DC3AC00783C3BFDABE441360E4AABE3F85FFE7D4A8BBD9
staged_v4.6.9\rollback_test_v4_6_9\SceneQuickActions.cs	62751	3FB7DE1608C7C9910F32465B92950298AC0CCD4C8924808D1AC6524F2E471BB6
staged_v4.6.9\ROLLBACK.sh	678	B006354F3A3D1244E548B1457205F1B611F4901E393BBBD67DA2D82ED27FC2EE
staged_v4.6.9\VERIFICATION.txt	4680	085822C175A8C0EDE66994C6ADF09FE83E083D8F0826E607CCFBF27AAB652B0A
staged_v4.6.9\VERIFY_BASELINE.ps1	902	76D83030132D5E2C32C420882983126948822BCAB5A46C269CA449DF8AC7758D
staged_v4.6.9\VERIFY_MODIFIED.ps1	2396	7CAC2EB3C5BBFE653182AEA592F9A714FE62767B04975A616CE229B6BB818D96
staged_v4.6.9\VERIFY_ROLLBACK.ps1	1922	7C08F96F5C39FC9BF658C1A24AEB0B0D2A683D9AEFF8AFEDB3E87F46024CB97C
StandbyFrameLimiterTests.exe	4608	665AE484AF594B83634D46778118980646C246539E00625148AE299B3F461C04
TriggerStateMachineTests.exe	16384	8C79F4696150AB968F0D2E0FD230C86D8E754DFB964E6D5B08E29D2000870D31
TriggerStateMachineTests.v2.4.exe.disabled	12800	4ACAE406D0248AC1AB5F816A71842913F65340FB5A6DE36FE0CC6C42350618D1
TriggerStateMachineTests.v2.5.exe	15360	C6EEFDC14F7CB24FDD55EA9AED64F2E2D380276A99FEE3AAFB7B104E86271251
TriggerStateMachineTests.v2.exe	11264	B3DA67385C3E72C175187D8DEC43CA883830A48CD91DE15ACC5D6BE334BE4B6A
TriggerStateMachineTests.v3.4.1.exe	19456	4F4950E3EDC8439E40FE9565EA20F656C088012D757F397615CEC3122D434272
TriggerStateMachineTests.v3.4.exe	19456	B87BAA82087E674BA52FF0DBFC2419AB4224FB8B67837BF2967E24BB7E0052E6
TriggerStateMachineTests.v3.5.0.exe	19456	8DEBBB4827EF97BE912F1213C05D29F4DE8A39B290ADE2F8E3B495CE4C948C46
TriggerStateMachineTests.v4.0.0.exe	16896	11A75C11DC4D5EE055B85EF2EFE05011182E3398295EAB2F47A6C7A0D07FC900
VERIFICATION.txt	5458	307AE047C9FB6EC38D3B9708028BAA0AA47CDAFC80B4313516B4DCEA1BB0E623
VERIFICATION.v4.0.0.txt.disabled	7223	BF4F2A9C7C6E3E31A53ADD75E4E09659E1340572B6637CD51DFAE120E3F6BDB8
VERIFY_BASELINE_V4_0_1.ps1	1136	7AF1EA62BCF93E24538FEB216AA9394F194E7199925787503B0D0BBA157C6E25
VERIFY_BASELINE_V4.ps1	868	19EF6C4FE7B335BB4B530B28689BB48E4558F37755C6A476BE4AA42D5B082B1C
VERIFY_ROLLBACK_V4_0_1.ps1	2786	64C1E60E25BEF42A47221A0A40007E8F49918D1BC76A14E456D14B1AFD6EA8FC
VERIFY_ROLLBACK_V4.ps1	2896	9ED47CAD1FE4DD0D96EE086CFD42E4B05719D41549618931BEEA1C88E88AB8E0
VERIFY_V4_0_1.ps1	1926	94ABA8D4AFA0671BF9BDA206404DFA3EEF4CB71D26C2D1DDF2CBEA2F14DF70DA
VERIFY_V4.ps1	4800	9B61C0572DCD5AD3D3CD209A0B9CB20523242D737579A0D22DD5C8BDB0162DB4
via5.AlternateUI.1.modified.v2.var	930751	3DC9570A3C7E8D03A5FF7C28FFBABDF089767A9935E7603CD49474FF2D12C840
via5.AlternateUI.1.modified.v3.var	931343	ECD8FA7BF60CA186397B86D9070FC2D83597D90A7A3DAF0A22E22069B0D38FEF
via5.AlternateUI.1.modified.v4.var	931346	D25466DD2CDDA5D3522A62F593185E72A4C8B6F9BFFD7F43D67693D614442325
via5.AlternateUI.1.modified.v5.var	931349	D999A9948DA0202085FCDEC2BCF11A376D0005B2673D4A656E35F2761989BFC3
via5.AlternateUI.1.modified.v6.var	931330	6B234F79C740848E39C6B1D1D2AE1BAEE7ABF1950E0A93A0AFF1524F8EB3D0EE
via5.AlternateUI.1.modified.v7.var	931658	F91AA740628CB3845577CCBF4B09F1D96B242B0F4AA0D3ECE671BF438E191FC0
via5.AlternateUI.1.modified.var	930528	EDDAA86AC325ABE0F80FEB751794A2C3D16F6DDEE545990968E72F0035BB6D71
WindowsKeyboardInteropTests.exe	6656	F17A771590462CC60EEF2B64B316FBB028283F4B9BA79278C625EEADAA235DAC
